location,variant,median_ga,ga_upper_95,ga_lower_95,ga_upper_80,ga_lower_80,ga_upper_50,ga_lower_50
Japan,Delta,0.52036643,0.64136875,0.41330457,0.60001695,0.4487269,0.5588009,0.48254114
Japan,Omicron 21K,0.73633164,0.740322,0.7319365,0.7391539,0.73352873,0.73793215,0.73479474
Japan,Omicron 22B,1.5591352,2.2939582,1.082505,2.0458183,1.2253945,1.7833183,1.3768282
Japan,Omicron 22C,1.9399934,2.683723,1.3630395,2.445722,1.536632,2.1720304,1.722636
Japan,other,1.117048,1.2510917,1.0089335,1.2022564,1.0427773,1.1662264,1.0755043
