location,variant,median_ga,ga_upper_95,ga_lower_95,ga_upper_80,ga_lower_80,ga_upper_50,ga_lower_50
Japan,Delta,0.8252838,1.0700724,0.63874745,0.9648022,0.6848809,0.89743763,0.7538059
Japan,Omicron 21K,0.75335824,0.76799095,0.73836565,0.76274383,0.7445307,0.75873554,0.7485158
Japan,Omicron 22A,1.4811231,1.5462655,1.4287736,1.5236083,1.441676,1.5030742,1.461752
Japan,Omicron 22B,1.6923373,1.7140071,1.6716461,1.7061787,1.6782334,1.6999419,1.6837057
Japan,Omicron 22C,1.2830353,1.3085551,1.261814,1.298866,1.2689142,1.2914476,1.2749329
Japan,Omicron 22D,1.7836311,2.1683311,1.4403327,2.0317929,1.5719467,1.9195726,1.6581223
Japan,other,1.0525093,1.0886977,1.016871,1.0772667,1.0281309,1.0643787,1.0390677
