location,variant,median_ga,ga_upper_95,ga_lower_95,ga_upper_80,ga_lower_80,ga_upper_50,ga_lower_50
Japan,Omicron 21K,0.7414757,0.7503406,0.73165536,0.74770373,0.7351945,0.74475664,0.7383218
Japan,Omicron 22A,1.7646983,1.9701836,1.5899708,1.9009627,1.651278,1.8350188,1.6994481
Japan,Omicron 22B,1.8109827,1.892715,1.7369063,1.8621956,1.7635154,1.8378465,1.7843637
Japan,Omicron 22C,1.4378887,1.4955945,1.3812103,1.4763677,1.4007702,1.4582236,1.4179109
Japan,Omicron 22D,1.9333404,2.860542,1.3403986,2.4715486,1.493222,2.2171872,1.703535
Japan,other,1.1868241,1.2657875,1.1171076,1.2365179,1.1401988,1.2136953,1.1633909
