location	variant	median_ga	ga_upper_95	ga_lower_95	ga_upper_80	ga_lower_80	ga_upper_50	ga_lower_50
Japan	Omicron 21K	0.91723764	1.0680985	0.7814286	1.0068074	0.837564	0.9643686	0.8686319
Japan	Omicron 22A	0.9137583	0.93895626	0.8911017	0.9320757	0.8973457	0.92284834	0.9043567
Japan	Omicron 22B	0.94980705	0.9634762	0.93694603	0.95941967	0.94095737	0.95485616	0.9453446
Japan	Omicron 22C	0.7304547	0.81663585	0.64984727	0.7881032	0.6703083	0.7627803	0.69998646
Japan	Omicron 22D	1.1283503	1.1525748	1.1051813	1.1439338	1.1119877	1.1368374	1.1203328
Japan	Omicron 22E	1.2466407	1.2755212	1.218403	1.2651422	1.2291057	1.2568038	1.2373798
Japan	other	1.0463374	1.0727551	1.0189228	1.0650378	1.0286155	1.0551718	1.0365297
