location	variant	median_ga	ga_upper_95	ga_lower_95	ga_upper_80	ga_lower_80	ga_upper_50	ga_lower_50
Japan	Omicron 21K	1.2739064	1.4968992	1.1045463	1.4035361	1.1575015	1.3443813	1.2156612
Japan	Omicron 22A	1.1479297	1.1820378	1.1142576	1.1692393	1.1255493	1.15949	1.1363077
Japan	Omicron 22B	1.2844808	1.3012321	1.2665536	1.2957457	1.2723483	1.2905346	1.2785214
Japan	Omicron 22C	0.97078115	1.0160085	0.92823255	0.99822205	0.94382006	0.98513234	0.95525676
Japan	Omicron 22D	1.4071064	1.4474111	1.3675512	1.4346776	1.3810635	1.4223098	1.3930447
Japan	Omicron 22E	2.0698493	2.3200817	1.8351512	2.2443721	1.909797	2.156667	1.984247
Japan	other	1.3934252	1.4410398	1.3514149	1.4240214	1.3654252	1.4083885	1.3805246
