location	variant	median_ga	ga_upper_95	ga_lower_95	ga_upper_80	ga_lower_80	ga_upper_50	ga_lower_50
Japan	Omicron 21K	0.7386355	0.75052714	0.7296022	0.74642843	0.73262393	0.7424294	0.7354245
Japan	Omicron 22A	1.781802	1.9849703	1.599144	1.9198532	1.6494027	1.8489475	1.7063522
Japan	Omicron 22B	1.8051624	1.8811228	1.7414851	1.8525176	1.7586473	1.8315971	1.7791016
Japan	Omicron 22C	1.4569929	1.5216032	1.3926463	1.4967421	1.4176102	1.4807941	1.4359143
Japan	Omicron 22D	1.9415821	2.8010554	1.3330345	2.5005014	1.5122025	2.2248724	1.6919771
Japan	other	1.1763284	1.2548897	1.0984483	1.2266355	1.1280264	1.2034148	1.1507053
