location	variant	median_ga	ga_upper_95	ga_lower_95	ga_upper_80	ga_lower_80	ga_upper_50	ga_lower_50
South Africa	Delta	0.96182436	1.0419002	0.8950641	1.0110648	0.9148616	0.98991966	0.93637127
South Africa	Omicron 21K	0.77349514	0.78524446	0.76270986	0.7815425	0.7662885	0.7778343	0.7695025
South Africa	Omicron 22A	1.517715	1.6090217	1.4324316	1.5735978	1.4599268	1.5450668	1.4866941
South Africa	Omicron 22B	1.6698382	1.8636622	1.513222	1.8055129	1.5678403	1.743738	1.6082566
South Africa	other	0.9880838	1.0206563	0.95912707	1.0110811	0.9691325	0.9991014	0.97964156
