location,variant,median_ga,ga_upper_95,ga_lower_95,ga_upper_80,ga_lower_80,ga_upper_50,ga_lower_50
South Africa,Delta,1.0432926,1.13272,0.9544973,1.1022397,0.9876205,1.073367,1.0138704
South Africa,Omicron 21K,0.9622346,0.9976473,0.9312289,0.9834727,0.9408703,0.9743609,0.9498501
South Africa,Omicron 22A,1.3888832,1.4159532,1.3648677,1.4067831,1.3731753,1.3984436,1.3817601
South Africa,Omicron 22B,1.4578704,1.4944597,1.4205053,1.483055,1.4349631,1.4709201,1.4463232
South Africa,other,0.92463285,0.98678166,0.86651176,0.9621234,0.8868805,0.9458013,0.90431404
