location	variant	median_ga	ga_upper_95	ga_lower_95	ga_upper_80	ga_lower_80	ga_upper_50	ga_lower_50
South Africa	Delta	0.6173239	0.9590963	0.41750938	0.816786	0.47525865	0.7225092	0.54057646
South Africa	Omicron 21K	1.0290179	1.1290946	0.92447937	1.0962552	0.95771146	1.061553	0.98656255
South Africa	Omicron 22A	1.0180175	1.1068894	0.9356904	1.0766977	0.9661003	1.0459802	0.98955244
South Africa	Omicron 22B	1.0702817	1.1573718	0.9858434	1.1269305	1.0173306	1.0968316	1.0401672
South Africa	Omicron 22C	0.57437086	0.8292761	0.39513257	0.73099124	0.44990057	0.65308577	0.50459087
South Africa	Omicron 22D	1.1405357	1.3346612	0.9928855	1.2475095	1.0375199	1.1967149	1.0792178
South Africa	Omicron 22E	1.3537396	1.6227188	1.127977	1.5456318	1.1890432	1.4382238	1.2723107
South Africa	other	1.1284168	1.23862	1.0288002	1.2033677	1.0583993	1.1676975	1.0945065
