location,variant,median_ga,ga_upper_95,ga_lower_95,ga_upper_80,ga_lower_80,ga_upper_50,ga_lower_50
South Africa,Delta,1.2286551,1.7169104,0.8876909,1.4919314,0.9914008,1.3698281,1.0940437
South Africa,Omicron 21K,0.6615225,0.81914264,0.5441698,0.76357913,0.582407,0.70656025,0.6171193
South Africa,Omicron 22A,0.94033897,1.0485044,0.85201716,0.9998913,0.88532376,0.9714763,0.9115728
South Africa,Omicron 22B,1.0666468,1.1842296,0.9672018,1.1383964,1.0036422,1.101948,1.0325371
South Africa,Omicron 22D,1.0505505,1.2006557,0.93112075,1.1501967,0.96810365,1.1028001,1.004671
South Africa,Omicron 22E,1.2616489,1.4120098,1.1434126,1.3466597,1.1729637,1.3011847,1.2137775
South Africa,other,1.0886183,1.2143252,0.976667,1.1662345,1.0194085,1.1294723,1.0494626
