location,variant,median_ga,ga_upper_95,ga_lower_95,ga_upper_80,ga_lower_80,ga_upper_50,ga_lower_50
South Africa,Delta,0.9721935,1.0471032,0.901847,1.0230738,0.92392004,0.9974719,0.94575334
South Africa,Omicron 21K,0.7761056,0.78859514,0.7630343,0.78478545,0.7684041,0.78073263,0.77211905
South Africa,Omicron 22A,1.5263205,1.6180081,1.4418365,1.5812659,1.46507,1.5578113,1.4932898
South Africa,Omicron 22B,1.6750375,1.8648849,1.4844468,1.8029861,1.5559505,1.731317,1.6198964
South Africa,other,0.993448,1.026413,0.95904434,1.0163293,0.9712642,1.0060315,0.9806698
