location	variant	median_ga	ga_upper_95	ga_lower_95	ga_upper_80	ga_lower_80	ga_upper_50	ga_lower_50
South Africa	Delta	1.0190573	1.1301067	0.9094852	1.0880365	0.9430338	1.0532855	0.9784203
South Africa	Omicron 21K	0.9659588	1.0087702	0.92630863	0.99639344	0.9382075	0.98063445	0.9501015
South Africa	Omicron 22A	1.3853223	1.4121122	1.3624182	1.4027525	1.3704673	1.3947618	1.3763463
South Africa	Omicron 22B	1.4108745	1.4459525	1.3791218	1.4339662	1.3915777	1.4235809	1.3999164
South Africa	Omicron 22C	1.9201207	2.3488512	1.5330044	2.2260673	1.6539569	2.065131	1.7801944
South Africa	other	0.87963855	0.96128803	0.8089261	0.9344349	0.83290493	0.90418494	0.8558396
