location	variant	median_ga	ga_upper_95	ga_lower_95	ga_upper_80	ga_lower_80	ga_upper_50	ga_lower_50
South Africa	Delta	0.32358664	0.34844792	0.30144352	0.34059155	0.3094005	0.33176067	0.31570223
South Africa	Omicron 21K	0.6849943	0.7145361	0.6564977	0.7035333	0.6654695	0.69497836	0.6747749
South Africa	other	0.50419503	0.541764	0.46154344	0.5268148	0.4799118	0.51570415	0.49036083
