location,variant,median_ga,ga_upper_95,ga_lower_95,ga_upper_80,ga_lower_80,ga_upper_50,ga_lower_50
USA,Delta,0.4955254,0.51711017,0.47539428,0.5097327,0.482161,0.5022721,0.4884586
USA,Omicron 21K,0.6628134,0.66571003,0.65984553,0.66473186,0.6610118,0.66394585,0.6617064
USA,Omicron 22A,1.5405438,2.141649,1.1178546,1.868911,1.234861,1.7092515,1.3743944
USA,Omicron 22B,1.051847,1.5938165,0.69338423,1.4248527,0.79899573,1.225321,0.9068736
USA,Omicron 22C,1.3484974,1.3653473,1.3319793,1.3590207,1.3374318,1.3539197,1.3424809
USA,other,0.81214786,0.83373535,0.79338145,0.82541716,0.7995491,0.8197741,0.8064019
