location	variant	median_ga	ga_upper_95	ga_lower_95	ga_upper_80	ga_lower_80	ga_upper_50	ga_lower_50
USA	Delta	0.40017858	0.4100361	0.390141	0.40734658	0.39323175	0.4039852	0.39683732
USA	Omicron 21K	0.6674018	0.6740439	0.6615071	0.6719825	0.66296345	0.6698837	0.6647477
USA	Omicron 22C	1.3602215	1.4840728	1.2516502	1.4371994	1.2789984	1.4001045	1.3209858
USA	other	0.69654256	0.72562575	0.67081654	0.71540666	0.68010575	0.70680934	0.6879367
