location,variant,median_ga,ga_upper_95,ga_lower_95,ga_upper_80,ga_lower_80,ga_upper_50,ga_lower_50
USA,Delta,1.9158963,2.2678285,1.6069657,2.15968,1.692385,2.03691,1.7917727
USA,Omicron 21K,4.6206293,5.2745924,4.034479,5.0437136,4.228341,4.8287163,4.426504
USA,Omicron 22A,2.57288,2.7553372,2.412588,2.691255,2.4597187,2.6298525,2.5114493
USA,Omicron 22B,4.8987565,5.5669556,4.3750324,5.312875,4.5449357,5.097327,4.7134304
USA,Omicron 22C,1.9431129,2.0853543,1.8085756,2.0338295,1.8535726,1.9898294,1.8934078
USA,Omicron 22D,4.3078303,4.7425575,3.9293609,4.594898,4.0496287,4.4467874,4.1672688
USA,Omicron 22E,5.6849,7.2123833,4.4844193,6.636038,4.8400803,6.1901665,5.242084
USA,other,4.221085,4.6436167,3.752852,4.5217447,3.9244745,4.3655505,4.04842
