location,variant,median_ga,ga_upper_95,ga_lower_95,ga_upper_80,ga_lower_80,ga_upper_50,ga_lower_50
Australia,Delta,0.017202899,0.017202899,0.017202899,0.017202899,0.017202899,0.017202899,0.017202899
Australia,Omicron 21K,0.7166184,0.7166184,0.7166184,0.7166184,0.7166184,0.7166184,0.7166184
Australia,Omicron 22A,1.5180357,1.5180357,1.5180357,1.5180357,1.5180357,1.5180357,1.5180357
Australia,Omicron 22B,1.8796413,1.8796413,1.8796413,1.8796413,1.8796413,1.8796413,1.8796413
Australia,Omicron 22C,1.3843918,1.3843918,1.3843918,1.3843918,1.3843918,1.3843918,1.3843918
Australia,other,0.931969,0.931969,0.931969,0.931969,0.931969,0.931969,0.931969
