location	variant	median_ga	ga_upper_95	ga_lower_95	ga_upper_80	ga_lower_80	ga_upper_50	ga_lower_50
Brazil	Omicron 21K	0.9998542	1.1082962	0.9151721	1.0691991	0.93818957	1.0343145	0.9641744
Brazil	Omicron 22A	1.41611	1.4428742	1.3897738	1.4343596	1.3971356	1.4262332	1.4059775
Brazil	Omicron 22B	1.5401082	1.5698252	1.5099322	1.558857	1.5205133	1.5499315	1.5300108
Brazil	Omicron 22C	1.089541	1.1388818	1.0406747	1.1226399	1.058153	1.1074619	1.0729219
Brazil	other	1.0421934	1.1197753	0.96050805	1.0963618	0.9930369	1.068803	1.0159402
