location,variant,median_ga,ga_upper_95,ga_lower_95,ga_upper_80,ga_lower_80,ga_upper_50,ga_lower_50
Brazil,Delta,0.58937156,0.7717049,0.45714027,0.70633316,0.49419075,0.6539258,0.5389434
Brazil,Omicron 21K,0.77268636,0.7952857,0.75130594,0.7875919,0.7583395,0.77998644,0.76537323
Brazil,Omicron 22A,1.7956314,2.3697467,1.3478825,2.1868267,1.462091,1.9933543,1.6255634
Brazil,Omicron 22B,1.5663573,2.0345562,1.192188,1.8825622,1.2837228,1.7371452,1.4269217
Brazil,Omicron 22C,1.1793416,1.4000404,0.9790186,1.3180008,1.0529546,1.2434938,1.1186125
Brazil,other,1.0941653,1.2212646,0.9774357,1.1654097,1.0192369,1.1327436,1.0517356
