location	variant	median_ga	ga_upper_95	ga_lower_95	ga_upper_80	ga_lower_80	ga_upper_50	ga_lower_50
Brazil	Delta	0.36897835	0.41253942	0.3254714	0.39752924	0.3381847	0.38320076	0.35258773
Brazil	Omicron 21K	0.8324366	0.86743045	0.79615355	0.85318655	0.8092114	0.8432386	0.82056975
Brazil	other	0.4981894	0.6252793	0.39186323	0.5848677	0.4232513	0.54021645	0.45614135
