location,variant,median_ga,ga_upper_95,ga_lower_95,ga_upper_80,ga_lower_80,ga_upper_50,ga_lower_50
Brazil,Delta,0.76308465,1.0895932,0.5342278,0.9633996,0.6055517,0.86423403,0.68256235
Brazil,Omicron 21K,0.7856819,0.8064341,0.7645078,0.7990879,0.77169806,0.7924483,0.7789751
Brazil,Omicron 22A,1.4236813,1.5331838,1.3189851,1.4857147,1.3535473,1.4548614,1.3875606
Brazil,Omicron 22B,1.4361291,1.5147886,1.3605196,1.4886799,1.3873504,1.467833,1.4107355
Brazil,Omicron 22C,1.1367136,1.1983424,1.0764916,1.177309,1.0974209,1.1583967,1.1172773
Brazil,other,1.1457678,1.2132431,1.083735,1.1904364,1.1053687,1.1685774,1.123526
