location,variant,median_ga,ga_upper_95,ga_lower_95,ga_upper_80,ga_lower_80,ga_upper_50,ga_lower_50
Brazil,Delta,0.27962637,0.34594315,0.22962448,0.321652,0.24544744,0.30000588,0.26098716
Brazil,Omicron 21K,4.56697,5.3938475,3.8275862,5.0781856,4.088526,4.786742,4.2830353
Brazil,other,3.0641465,3.7189012,2.4838805,3.4955225,2.6770835,3.286626,2.8488336
