location	variant	median_ga	ga_upper_95	ga_lower_95	ga_upper_80	ga_lower_80	ga_upper_50	ga_lower_50
Brazil	Omicron 21K	1.3308444	1.5364965	1.1310437	1.4633101	1.2033434	1.4001334	1.263857
Brazil	Omicron 22A	1.2660275	1.294172	1.2369975	1.2848822	1.247398	1.2765791	1.2561992
Brazil	Omicron 22B	1.3777044	1.4004276	1.3517215	1.3929472	1.3601556	1.3855422	1.3687153
Brazil	Omicron 22C	1.0461898	1.1475496	0.94582105	1.1182233	0.9809136	1.085939	1.0127921
Brazil	Omicron 22E	1.2325499	2.997664	0.5808089	2.1038432	0.7352557	1.5960947	0.93971086
Brazil	other	0.9589598	1.151015	0.7932545	1.0782391	0.85231864	1.0254961	0.90219635
