location,variant,median_ga,ga_upper_95,ga_lower_95,ga_upper_80,ga_lower_80,ga_upper_50,ga_lower_50
Brazil,Delta,3.4627109,4.328847,2.8545828,4.0083284,3.0621326,3.7644439,3.244205
Brazil,Omicron 21K,10.441753,15.315256,7.1898785,13.525105,8.087319,11.927684,9.229381
Brazil,Omicron 22A,0.7786999,1.0212455,0.6161598,0.9271188,0.65984595,0.84555596,0.71135074
Brazil,Omicron 22B,14.999254,20.474176,11.035553,18.462849,12.205802,16.851025,13.469121
Brazil,Omicron 22C,0.9391706,1.204962,0.72728294,1.1087632,0.7852685,1.0229006,0.8556074
Brazil,Omicron 22D,9.768681,11.882494,8.299131,11.014793,8.722927,10.419529,9.185301
Brazil,Omicron 22E,0.7056611,0.8783597,0.5765485,0.82161474,0.62068415,0.760085,0.66209483
