location	variant	median_ga	ga_upper_95	ga_lower_95	ga_upper_80	ga_lower_80	ga_upper_50	ga_lower_50
USA	Delta	1.2822387	1.4259174	1.1485338	1.371707	1.1973038	1.3338941	1.2382435
USA	Omicron 21K	1.233213	1.2752467	1.1918958	1.2606316	1.2073495	1.2471944	1.2200823
USA	Omicron 22A	1.303498	1.3113396	1.2947829	1.3086792	1.2983149	1.3064015	1.300533
USA	Omicron 22B	1.358197	1.3664427	1.3495314	1.3639345	1.3530501	1.3615645	1.3551317
USA	Omicron 22C	0.9684688	0.9757247	0.96182907	0.973391	0.96414864	0.9713099	0.965893
USA	Omicron 22D	1.6413734	1.6628417	1.622789	1.6552166	1.6299008	1.6491761	1.6351742
USA	Omicron 22E	2.2151008	2.2840343	2.144155	2.2615058	2.1732748	2.2402587	2.1912186
USA	other	1.3366708	1.3489509	1.3241618	1.3444837	1.32894	1.3407884	1.3325056
