location	variant	median_ga	ga_upper_95	ga_lower_95	ga_upper_80	ga_lower_80	ga_upper_50	ga_lower_50
Panama	Delta	1.0051956	1.3950421	0.74568105	1.2278403	0.8233609	1.111147	0.89820987
Panama	Omicron 21K	0.86613595	1.0634967	0.7098913	0.99623156	0.7494701	0.9341311	0.80182743
Panama	Omicron 22A	1.6113114	1.8176813	1.4583001	1.7440149	1.5010306	1.6744611	1.5482752
Panama	Omicron 22B	1.880756	2.0384424	1.7259429	1.9849154	1.7744864	1.9307692	1.8219278
Panama	Omicron 22C	1.3395008	1.4645877	1.2271185	1.4202199	1.2653134	1.3812221	1.3015844
Panama	Omicron 22D	1.4765623	1.9473603	1.1608219	1.772802	1.2472556	1.6330202	1.3555899
Panama	Omicron 22E	1.1708674	1.5530694	0.81898075	1.4325471	0.942187	1.2874129	1.0423732
Panama	other	1.0942239	1.1782532	1.0098121	1.1521481	1.0413308	1.1275467	1.0679344
