location	variant	median_ga	ga_upper_95	ga_lower_95	ga_upper_80	ga_lower_80	ga_upper_50	ga_lower_50
Panama	Delta	0.92469335	1.2183957	0.70633096	1.1085799	0.77431333	1.0229346	0.8451725
Panama	Omicron 21K	0.86804605	1.1391385	0.6606542	1.0398176	0.72325397	0.94184417	0.7853954
Panama	Omicron 22A	0.9167166	1.1298697	0.72599614	1.0637157	0.78886145	0.9958109	0.847583
Panama	Omicron 22B	0.8893281	1.0827637	0.71004796	1.0145402	0.77664536	0.9595369	0.83377075
Panama	Omicron 22C	0.7231566	0.9464284	0.54827535	0.8571564	0.6112347	0.808269	0.6652122
Panama	Omicron 22D	1.091038	1.4218166	0.80989873	1.3166778	0.8962685	1.2227639	0.9904231
Panama	Omicron 22E	1.3794535	1.6785036	1.1180859	1.5756218	1.1978606	1.4870628	1.2854958
Panama	Omicron 23A	1.263133	1.6083419	0.97437215	1.5178108	1.0586746	1.3860786	1.1572554
Panama	other	1.1337537	1.3427399	0.92138076	1.2791022	1.0108997	1.2095115	1.0708742
