location	variant	median_ga	ga_upper_95	ga_lower_95	ga_upper_80	ga_lower_80	ga_upper_50	ga_lower_50
Panama	Delta	0.44039297	0.9713257	0.19713952	0.71673006	0.25200972	0.5662798	0.31872278
Panama	Omicron 21K	1.1516721	2.4255471	0.60653365	1.8647058	0.7840695	1.4853301	0.9296403
Panama	other	0.52406657	0.91953206	0.3106745	0.74927	0.3680884	0.63548243	0.4378563
