location	variant	median_ga	ga_upper_95	ga_lower_95	ga_upper_80	ga_lower_80	ga_upper_50	ga_lower_50
Panama	Delta	0.63542306	1.0378174	0.3889463	0.89984536	0.4619807	0.7623823	0.5273991
Panama	Omicron 21K	0.62979025	0.6802076	0.5776968	0.65999126	0.59670943	0.64683473	0.6133187
Panama	Omicron 22A	1.0986011	1.600419	0.73388815	1.4612867	0.86637396	1.2672582	0.9585129
Panama	Omicron 22B	1.4475526	2.0133045	1.0604131	1.8062298	1.1606497	1.6318024	1.2773159
Panama	Omicron 22C	1.2124281	1.4122069	1.0450356	1.3405414	1.0914613	1.2801642	1.1516613
Panama	other	1.065973	1.1178881	1.0097697	1.1027615	1.0305594	1.0857857	1.0447268
