location	variant	median_ga	ga_upper_95	ga_lower_95	ga_upper_80	ga_lower_80	ga_upper_50	ga_lower_50
Panama	Delta	1.0294027	1.3794931	0.77335703	1.2590443	0.83840054	1.1457361	0.92871666
Panama	Omicron 21K	1.1308296	1.4871296	0.8591647	1.3841939	0.95003223	1.245988	1.0419557
Panama	Omicron 22A	1.245956	1.5410814	1.0348841	1.4270865	1.0942698	1.3508453	1.1571114
Panama	Omicron 22B	1.2503281	1.5326102	1.0499443	1.430918	1.1174668	1.3422369	1.1707596
Panama	Omicron 22C	0.83364177	1.0571988	0.6537776	0.97352576	0.7108052	0.90375507	0.759978
Panama	Omicron 22D	1.2996372	1.6965005	1.0130899	1.5610582	1.0772691	1.432091	1.1931555
Panama	Omicron 22E	1.5339339	2.0270927	1.2061965	1.8135309	1.2947639	1.6713754	1.4049692
Panama	other	1.2677598	1.5243303	1.0808449	1.4247361	1.137035	1.3515441	1.1906028
