location	variant	median_ga	ga_upper_95	ga_lower_95	ga_upper_80	ga_lower_80	ga_upper_50	ga_lower_50
Panama	Delta	0.85701835	1.1102722	0.65664554	1.0083213	0.7149267	0.9351245	0.7789721
Panama	Omicron 21K	0.87278485	1.1280241	0.6871282	1.0331148	0.7427259	0.9613168	0.7995705
Panama	Omicron 22A	0.83755684	1.0252817	0.69274557	0.95177644	0.7364612	0.89799166	0.7844449
Panama	Omicron 22B	0.88435066	1.0591246	0.74252945	0.9949851	0.78441656	0.93823785	0.830616
Panama	Omicron 22C	0.73845804	0.9538904	0.5753327	0.8624174	0.6181507	0.8034039	0.66888565
Panama	Omicron 22D	1.1721778	1.3987181	0.9442015	1.3268551	1.0147053	1.2569276	1.082103
Panama	Omicron 22E	1.4713287	1.7291913	1.2529678	1.6496726	1.3083851	1.5601373	1.3763062
Panama	Omicron 23A	1.4642435	1.8290877	1.1835575	1.6893507	1.2694836	1.5731485	1.3638825
Panama	other	1.1529356	1.3420938	0.99489987	1.2736152	1.0364393	1.2194321	1.0890137
