location	variant	median_ga	ga_upper_95	ga_lower_95	ga_upper_80	ga_lower_80	ga_upper_50	ga_lower_50
Australia	Omicron 21K	1.1761811	1.3369358	1.0148953	1.2808093	1.0683074	1.235317	1.1174803
Australia	Omicron 22A	1.0137722	1.0282285	1.0009176	1.0225272	1.0047667	1.0184104	1.0087303
Australia	Omicron 22B	1.0527493	1.0653533	1.0402055	1.0608071	1.0453434	1.0567496	1.0485654
Australia	Omicron 22C	0.84605336	0.8951788	0.800031	0.88025355	0.81510425	0.8614792	0.8307199
Australia	Omicron 22D	1.1848036	1.2032881	1.1656038	1.1961019	1.1721677	1.1910089	1.1786792
Australia	Omicron 22E	1.546659	1.6108451	1.481077	1.5899754	1.5058161	1.5674491	1.5245361
Australia	other	1.5943997	1.6863723	1.5038583	1.6498572	1.5365245	1.6259248	1.5649656
