location,variant,median_ga,ga_upper_95,ga_lower_95,ga_upper_80,ga_lower_80,ga_upper_50,ga_lower_50
Australia,Delta,1.1786528,1.591598,0.8709275,1.4586227,0.99354166,1.3188069,1.0735332
Australia,Omicron 21K,0.7935097,0.82960206,0.75880694,0.8176848,0.76787174,0.80713296,0.77870834
Australia,Omicron 22A,1.3341235,1.3485146,1.318851,1.3441061,1.3245904,1.3389821,1.329669
Australia,Omicron 22B,1.5025618,1.5154924,1.4864264,1.5114774,1.492539,1.5073916,1.4969331
Australia,Omicron 22C,1.1963506,1.2111742,1.180691,1.2052019,1.1857595,1.2009186,1.1911753
Australia,Omicron 22D,1.8651245,2.1996026,1.6067538,2.0919952,1.6906267,1.9892292,1.7713025
Australia,other,1.045519,1.0990337,0.9932746,1.0804468,1.0098873,1.0650315,1.0284525
