location,variant,median_ga,ga_upper_95,ga_lower_95,ga_upper_80,ga_lower_80,ga_upper_50,ga_lower_50
Australia,Omicron 21K,1.2325009,1.4965179,1.0211278,1.4106553,1.0900335,1.315289,1.1581502
Australia,Omicron 22A,1.101275,1.1158557,1.0886388,1.1103477,1.0927854,1.1061077,1.0965691
Australia,Omicron 22B,1.1550388,1.1690971,1.1438663,1.162596,1.147494,1.1592053,1.1511952
Australia,Omicron 22C,0.91810036,0.95071155,0.88822615,0.93905777,0.89908147,0.927872,0.9075065
Australia,Omicron 22D,1.3398255,1.3627847,1.3197143,1.3537503,1.3251114,1.3468616,1.3325403
Australia,Omicron 22E,1.8795867,2.102425,1.6878319,2.032882,1.7553985,1.9552519,1.8172511
Australia,other,1.5257691,1.6464778,1.3920267,1.6077313,1.4397557,1.5704527,1.4827106
