location,variant,median_ga,ga_upper_95,ga_lower_95,ga_upper_80,ga_lower_80,ga_upper_50,ga_lower_50
Australia,Omicron 21K,1.1726909,1.3742683,1.0079753,1.2932419,1.0659834,1.2370251,1.1140257
Australia,Omicron 22A,1.011735,1.024847,0.99854803,1.0212965,1.0033344,1.0167861,1.0073092
Australia,Omicron 22B,1.0531267,1.0666947,1.0410012,1.0620284,1.0455706,1.0577332,1.048967
Australia,Omicron 22C,0.84545064,0.89395964,0.7959124,0.87882346,0.8140997,0.8630269,0.8280268
Australia,Omicron 22D,1.1811295,1.1994345,1.1639936,1.1927315,1.1697388,1.187233,1.174871
Australia,Omicron 22E,1.5408094,1.6078289,1.4735076,1.5867927,1.5013701,1.565619,1.521398
Australia,other,1.5962961,1.6800716,1.5161836,1.6456938,1.5400496,1.6198659,1.5681577
