location,variant,median_ga,ga_upper_95,ga_lower_95,ga_upper_80,ga_lower_80,ga_upper_50,ga_lower_50
Australia,Delta,0.96113825,1.3695375,0.686301,1.2039804,0.7772401,1.0928588,0.8622123
Australia,Omicron 21K,0.74775374,0.90742075,0.62491584,0.85357445,0.6574928,0.800141,0.69931257
Australia,Omicron 22A,1.2968497,1.3091483,1.2838871,1.3044779,1.2891071,1.3006598,1.2928863
Australia,Omicron 22B,1.4197662,1.430912,1.4089992,1.4271604,1.4130676,1.4238508,1.4161658
Australia,Omicron 22C,1.1368191,1.1515015,1.1199105,1.1475095,1.1262528,1.1422746,1.1313407
Australia,Omicron 22D,1.751249,1.8312522,1.6761923,1.8002803,1.6965945,1.7772454,1.7245181
Australia,other,0.8909339,1.002701,0.7928544,0.9600149,0.8281618,0.9256872,0.85527444
