location	variant	median_ga	ga_upper_95	ga_lower_95	ga_upper_80	ga_lower_80	ga_upper_50	ga_lower_50
Australia	Delta	0.79589427	0.8282472	0.7643424	0.817661	0.7764968	0.80819356	0.7853695
Australia	Omicron 21K	1.7249265	1.775764	1.674813	1.761831	1.6913643	1.7417034	1.7084432
Australia	other	0.992082	1.1275587	0.870072	1.082792	0.9191083	1.0369363	0.95507336
