location	variant	median_ga	ga_upper_95	ga_lower_95	ga_upper_80	ga_lower_80	ga_upper_50	ga_lower_50
Australia	Omicron 21K	0.79374987	0.8138612	0.77464974	0.80648357	0.78121215	0.8003093	0.78724086
Australia	Omicron 22A	1.3609188	1.3801395	1.3428686	1.3732717	1.3480643	1.3672705	1.3529509
Australia	Omicron 22B	1.5360007	1.5567777	1.5151949	1.5491955	1.5225371	1.5428009	1.5286547
Australia	Omicron 22C	1.2322309	1.2514858	1.2148514	1.2445033	1.2193512	1.238301	1.2249585
Australia	Omicron 22D	1.3844466	1.8140364	1.0784802	1.6555912	1.172482	1.53864	1.267911
Australia	other	1.0432007	1.0940233	0.9941877	1.0756457	1.0104066	1.0614316	1.0266352
