location	variant	median_ga	ga_upper_95	ga_lower_95	ga_upper_80	ga_lower_80	ga_upper_50	ga_lower_50
Australia	Omicron 21K	1.5048327	1.8505372	1.2343321	1.7083725	1.3021564	1.6227062	1.412621
Australia	Omicron 22A	1.1986432	1.2128613	1.186091	1.2073202	1.189678	1.2031447	1.193652
Australia	Omicron 22B	1.2736909	1.2858746	1.2597005	1.2821977	1.2649187	1.2781005	1.2691052
Australia	Omicron 22C	1.0052254	1.0294151	0.97878224	1.020625	0.9883758	1.0137054	0.99589527
Australia	Omicron 22D	1.519519	1.552376	1.4874496	1.5407748	1.497909	1.5307747	1.5073334
Australia	Omicron 22E	1.9559542	2.3700867	1.6043073	2.1981912	1.7113436	2.0814543	1.8288277
Australia	other	1.44906	1.5843911	1.3181064	1.5351651	1.363352	1.4937534	1.4033811
