location,variant,median_ga,ga_upper_95,ga_lower_95,ga_upper_80,ga_lower_80,ga_upper_50,ga_lower_50
Australia,Delta,0.5258342,0.7009498,0.391075,0.6301967,0.42636544,0.57579887,0.47518933
Australia,Omicron 21K,0.69448256,0.70044404,0.6889446,0.6983697,0.690852,0.69640696,0.6924892
Australia,Omicron 22A,1.821626,2.194909,1.476331,2.0727,1.6013877,1.9581511,1.6989212
Australia,Omicron 22B,1.6886344,2.2523794,1.2772808,2.0508945,1.4055256,1.8520563,1.5346129
Australia,Omicron 22C,1.7027159,1.9623129,1.4577503,1.857515,1.5504704,1.7837979,1.6256697
Australia,other,0.813393,0.8426508,0.78166676,0.8340076,0.79386437,0.8243276,0.8031697
