location,variant,median_ga,ga_upper_95,ga_lower_95,ga_upper_80,ga_lower_80,ga_upper_50,ga_lower_50
Australia,Omicron 21K,0.7797679,0.793665,0.7665682,0.78846896,0.7703079,0.7846683,0.7747343
Australia,Omicron 22A,1.3870395,1.4189558,1.3553946,1.4081317,1.366913,1.3989816,1.3766532
Australia,Omicron 22B,1.5811046,1.6183547,1.5416791,1.6044289,1.5562236,1.5925474,1.5685532
Australia,Omicron 22C,1.2817217,1.3101022,1.2541342,1.2995898,1.2632622,1.2905431,1.2718952
Australia,Omicron 22D,1.3534099,1.8127367,1.01352,1.6091208,1.1265415,1.4618127,1.2226199
Australia,other,1.0567081,1.0992687,1.0119561,1.0848379,1.0269971,1.0711038,1.0400678
