location	variant	median_ga	ga_upper_95	ga_lower_95	ga_upper_80	ga_lower_80	ga_upper_50	ga_lower_50
Australia	Delta	0.6633355	1.0095925	0.3959449	0.8666435	0.46093732	0.76801944	0.54153645
Australia	Omicron 21K	1.0049853	1.1937885	0.82311	1.1317234	0.87555265	1.0723358	0.935915
Australia	Omicron 22A	1.2632239	1.2751579	1.2505412	1.2712793	1.2549232	1.2674973	1.2591953
Australia	Omicron 22B	1.3805903	1.3923839	1.3692522	1.3891858	1.3732764	1.3849257	1.3767309
Australia	Omicron 22C	1.1055164	1.123982	1.0887253	1.1169415	1.0939623	1.1115763	1.0991793
Australia	Omicron 22D	1.7347338	1.7863919	1.6817456	1.7711576	1.7015209	1.7544905	1.7167748
Australia	Omicron 22E	1.9853699	2.8522613	1.4348137	2.500315	1.6127676	2.2255666	1.7877399
Australia	other	0.9836845	1.1380733	0.84011114	1.0818487	0.8872356	1.0330348	0.9417609
