location,variant,median_ga,ga_upper_95,ga_lower_95,ga_upper_80,ga_lower_80,ga_upper_50,ga_lower_50
Australia,Omicron 21K,1.0902951,1.2246509,0.9696597,1.1666684,1.0039731,1.1309268,1.0407951
Australia,Omicron 22A,0.9643321,0.97907126,0.9505746,0.9740145,0.9548056,0.9690564,0.9595256
Australia,Omicron 22B,0.9868579,0.99831915,0.9754894,0.99503386,0.97908276,0.9903662,0.98272276
Australia,Omicron 22C,0.7736471,0.84053516,0.7085546,0.8154635,0.73175913,0.79426426,0.75029004
Australia,Omicron 22D,1.107966,1.1250811,1.0920287,1.1182277,1.0981505,1.1135337,1.1028824
Australia,Omicron 22E,1.3660741,1.4033978,1.3328712,1.3902986,1.3451585,1.3793235,1.3534496
Australia,other,1.3602217,1.4008594,1.3230805,1.385629,1.3335836,1.3732182,1.3472081
