location	variant	median_ga	ga_upper_95	ga_lower_95	ga_upper_80	ga_lower_80	ga_upper_50	ga_lower_50
Australia	Omicron 21K	0.9646071	1.0997672	0.84264183	1.0585934	0.8771897	1.012544	0.9180833
Australia	Omicron 22A	0.9279146	0.93914115	0.91507226	0.9351457	0.9199692	0.9314515	0.92332876
Australia	Omicron 22B	0.9427366	0.952917	0.9328679	0.9494462	0.9358976	0.9461862	0.9392452
Australia	Omicron 22C	0.6694772	0.7786149	0.5691626	0.7453163	0.601036	0.7018669	0.6333108
Australia	Omicron 22D	1.0772734	1.0912969	1.0649579	1.0868732	1.0689416	1.0820818	1.0729651
Australia	Omicron 22E	1.2295206	1.2486908	1.2081308	1.2430712	1.2159024	1.2359267	1.2228539
Australia	other	1.2358891	1.2587968	1.213759	1.2502272	1.2210759	1.2439315	1.2288978
