location,variant,median_ga,ga_upper_95,ga_lower_95,ga_upper_80,ga_lower_80,ga_upper_50,ga_lower_50
Australia,Delta,1.0981123,1.4157993,0.82453334,1.3092535,0.89739144,1.2002883,0.99500483
Australia,Omicron 21K,0.8011308,0.870219,0.73557615,0.8457081,0.75607383,0.8254636,0.77980155
Australia,Omicron 22A,1.3188171,1.3308418,1.3062823,1.3266156,1.3102578,1.3231666,1.3140194
Australia,Omicron 22B,1.4640248,1.4759631,1.4515047,1.4711794,1.4552733,1.467966,1.4597824
Australia,Omicron 22C,1.1725793,1.1878791,1.1594043,1.1828749,1.163898,1.1775498,1.1672401
Australia,Omicron 22D,1.9525168,2.1432147,1.7704017,2.088116,1.8316432,2.0283809,1.882312
Australia,other,0.9662668,1.0235233,0.90570474,1.0026984,0.92430913,0.9844304,0.944458
