location,variant,median_ga,ga_upper_95,ga_lower_95,ga_upper_80,ga_lower_80,ga_upper_50,ga_lower_50
Brazil,Omicron 21K,1.4964358,1.6931796,1.2709614,1.6368536,1.3513381,1.5731633,1.4133971
Brazil,Omicron 22A,1.2245849,1.302712,1.1619017,1.2738053,1.1815556,1.2530706,1.1994873
Brazil,Omicron 22B,1.3108058,1.3804708,1.248181,1.3605347,1.2668183,1.3380983,1.286592
Brazil,Omicron 22C,1.0407476,1.226027,0.8876364,1.1573111,0.9420637,1.0998539,0.99373466
Brazil,Omicron 22E,1.8966478,2.5266604,1.4877894,2.3255448,1.5677148,2.0952034,1.7324926
Brazil,other,0.9798942,1.221681,0.78784776,1.1448591,0.8544342,1.0597911,0.909521
