location,variant,median_ga,ga_upper_95,ga_lower_95,ga_upper_80,ga_lower_80,ga_upper_50,ga_lower_50
Brazil,Delta,0.3681783,0.5391157,0.24878208,0.46089464,0.28520113,0.4131549,0.3250164
Brazil,Omicron 21K,0.8110884,0.8188771,0.80397916,0.8165949,0.8062809,0.8141289,0.8087145
Brazil,Omicron 22A,1.1526762,1.3200293,1.0201833,1.269455,1.0574714,1.2142261,1.0995758
Brazil,Omicron 22B,1.2209251,1.3957198,1.0850463,1.3273073,1.1262056,1.2723992,1.1702021
Brazil,Omicron 22C,1.1215227,1.2281578,1.0286899,1.1859103,1.0598495,1.1556582,1.0886664
Brazil,other,1.0695443,1.12486,1.0120193,1.1085991,1.0339655,1.0872462,1.0497899
