location,variant,median_ga,ga_upper_95,ga_lower_95,ga_upper_80,ga_lower_80,ga_upper_50,ga_lower_50
Brazil,Delta,0.5485147,0.8065146,0.35471883,0.70846725,0.4086661,0.62481433,0.45848024
Brazil,Omicron 21K,0.87362206,0.88781846,0.8618107,0.8823906,0.86581284,0.8781864,0.8692975
Brazil,Omicron 22A,1.6718295,1.7286386,1.6058531,1.7122473,1.6280096,1.6916585,1.6497898
Brazil,Omicron 22B,1.5479984,1.5862612,1.5102181,1.5726749,1.522816,1.5609279,1.5333853
Brazil,Omicron 22C,1.1824813,1.2286124,1.1410213,1.2108636,1.1548958,1.1957734,1.1695629
Brazil,other,1.0737517,1.1059926,1.0429549,1.0967288,1.051705,1.0868083,1.0632511
