location,variant,median_ga,ga_upper_95,ga_lower_95,ga_upper_80,ga_lower_80,ga_upper_50,ga_lower_50
Brazil,Delta,1.235461,1.275567,1.1986399,1.2644348,1.208516,1.2489959,1.2218817
Brazil,Omicron 21K,4.2328377,4.6600485,3.861022,4.517905,3.9747174,4.378564,4.079156
Brazil,other,1.0,1.0,1.0,1.0,1.0,1.0,1.0
