location,variant,median_ga,ga_upper_95,ga_lower_95,ga_upper_80,ga_lower_80,ga_upper_50,ga_lower_50
Brazil,Delta,0.4027632,0.42812574,0.3775996,0.41904128,0.3872361,0.41134295,0.39480582
Brazil,Omicron 21K,1.0431058,1.1041207,0.9820522,1.0852041,1.0073191,1.0635732,1.025826
Brazil,other,0.5923532,0.64603716,0.5420418,0.6264944,0.5594119,0.6072828,0.574752
