location,variant,median_ga,ga_upper_95,ga_lower_95,ga_upper_80,ga_lower_80,ga_upper_50,ga_lower_50
Brazil,Delta,0.96908075,1.0401361,0.90105903,1.0168549,0.92375404,0.99564683,0.94412637
Brazil,Omicron 21K,2.7198482,2.8826818,2.5419397,2.8307014,2.6199844,2.77349,2.6621857
Brazil,other,0.9943872,1.0711182,0.9214649,1.0459037,0.94569236,1.0213368,0.9676876
