location	variant	median_ga	ga_upper_95	ga_lower_95	ga_upper_80	ga_lower_80	ga_upper_50	ga_lower_50
Japan	Delta	0.49210167	0.66182923	0.37256265	0.5994289	0.4061902	0.54322803	0.44494686
Japan	Omicron 21K	0.7349947	0.7442851	0.72565675	0.74090356	0.7290817	0.7381017	0.73190486
Japan	Omicron 22B	1.0477283	2.028623	0.5124704	1.6457013	0.6506293	1.3138883	0.81222606
Japan	Omicron 22C	1.6151959	2.1490474	1.1596613	1.9786766	1.3167831	1.7903457	1.4615166
Japan	other	1.0982642	1.2672625	0.9226723	1.219099	0.9789629	1.1627607	1.0368961
