location,variant,median_ga,ga_upper_95,ga_lower_95,ga_upper_80,ga_lower_80,ga_upper_50,ga_lower_50
Japan,Delta,0.37881684,0.40349174,0.3557043,0.3961274,0.36443934,0.38805592,0.37094373
Japan,Omicron 21K,0.70609725,0.7398542,0.6713471,0.72914255,0.68374866,0.71841335,0.6933561
