location	variant	median_ga	ga_upper_95	ga_lower_95	ga_upper_80	ga_lower_80	ga_upper_50	ga_lower_50
Japan	Delta	0.4933678	0.56700563	0.41989017	0.5451033	0.44863105	0.51702166	0.46887174
Japan	Omicron 21K	1.0432796	1.1895921	0.89506614	1.1422558	0.9464983	1.0989879	0.994227
