location,variant,median_ga,ga_upper_95,ga_lower_95,ga_upper_80,ga_lower_80,ga_upper_50,ga_lower_50
Japan,Omicron 21K,1.0576279,1.7030239,0.666095,1.4260132,0.7498288,1.2456434,0.8927551
Japan,Omicron 22A,9.965227,16.051775,6.45195,13.135545,7.5265713,11.684725,8.625406
Japan,Omicron 22B,5.4210453,6.670944,4.4058695,6.241837,4.7086296,5.8929048,5.0674944
Japan,Omicron 22C,3.9225287,4.9484816,3.072252,4.5950494,3.33331,4.230386,3.585933
Japan,Omicron 22D,5.2310476,6.38096,4.1716766,5.9130507,4.60692,5.6148524,4.83862
Japan,Omicron 22E,0.20212555,0.24941999,0.16380316,0.2314629,0.17697793,0.2172749,0.18901128
Japan,other,5.1279354,6.4479246,4.061838,6.012917,4.4783025,5.5905094,4.7470284
