location,variant,median_ga,ga_upper_95,ga_lower_95,ga_upper_80,ga_lower_80,ga_upper_50,ga_lower_50
Vietnam,Delta,0.7363036,0.86659116,0.6288394,0.8139397,0.6533789,0.77643913,0.6918839
Vietnam,Omicron 22A,0.9557494,1.1334352,0.7970609,1.075086,0.8448438,1.0184978,0.896845
Vietnam,Omicron 22B,1.5004032,1.5848813,1.4252539,1.5573198,1.4464606,1.5268043,1.4716263
Vietnam,Omicron 22C,1.0464125,1.2874169,0.8581463,1.2070559,0.913709,1.1263584,0.9716496
Vietnam,other,1.1792114,1.6656058,0.8197626,1.4710816,0.9442064,1.3227336,1.0350161
