location	variant	median_ga	ga_upper_95	ga_lower_95	ga_upper_80	ga_lower_80	ga_upper_50	ga_lower_50
Vietnam	Delta	1.0410974	1.1128523	0.97227466	1.0897981	0.99259293	1.0652151	1.0165584
Vietnam	Omicron 21K	0.5807685	0.7682135	0.42684257	0.7012932	0.47362858	0.64779186	0.51678634
Vietnam	Omicron 22A	1.1044545	1.2849908	0.94750637	1.2151128	1.001721	1.1629893	1.0447688
Vietnam	Omicron 22B	1.3990507	1.4975092	1.3082123	1.4611247	1.3350455	1.4323804	1.3625399
Vietnam	Omicron 22C	1.2437471	1.477161	1.044119	1.401942	1.1105924	1.3238144	1.1744711
