location	variant	median_ga	ga_upper_95	ga_lower_95	ga_upper_80	ga_lower_80	ga_upper_50	ga_lower_50
Vietnam	Delta	0.07766628	0.21628429	0.028071098	0.15463513	0.039850798	0.110231094	0.054216884
Vietnam	Omicron 22A	1.1118109	1.3343592	0.92887986	1.2742493	0.9921227	1.2094351	1.0436692
Vietnam	Omicron 22B	1.4868841	1.5625027	1.4087977	1.5358682	1.4374088	1.5134412	1.4614894
Vietnam	Omicron 22C	1.1179178	1.3860064	0.9118302	1.2991011	0.9660953	1.2035788	1.0404952
Vietnam	other	1.0456327	1.5191488	0.70878285	1.3533072	0.81961167	1.2016026	0.9211346
