location,variant,median_ga,ga_upper_95,ga_lower_95,ga_upper_80,ga_lower_80,ga_upper_50,ga_lower_50
Vietnam,Omicron 22A,0.9360889,1.0821408,0.8147882,1.020925,0.8604212,0.98336387,0.89085644
Vietnam,Omicron 22B,0.87752724,0.9278759,0.8320415,0.91291213,0.8489026,0.8983037,0.86246145
Vietnam,Omicron 22C,0.48436147,0.8129633,0.2792716,0.6733542,0.34784698,0.570618,0.41124946
Vietnam,Omicron 22D,1.7720512,2.1089547,1.4602195,1.9876175,1.5554401,1.8906007,1.6561775
Vietnam,other,0.76280713,1.0732872,0.501204,0.97964466,0.5949705,0.85909355,0.6639957
