location,variant,median_ga,ga_upper_95,ga_lower_95,ga_upper_80,ga_lower_80,ga_upper_50,ga_lower_50
Vietnam,Delta,0.9094415,1.006498,0.8317086,0.9696394,0.8591903,0.941365,0.88034564
Vietnam,Omicron 22A,1.0163342,1.1897631,0.89714926,1.1214242,0.93307126,1.0773172,0.97137165
Vietnam,Omicron 22B,1.4806283,1.5691576,1.4043775,1.5397944,1.4299438,1.5145581,1.4535742
Vietnam,Omicron 22C,1.0979276,1.3118875,0.9133078,1.230136,0.9759022,1.1618154,1.0331542
Vietnam,other,1.1452767,1.4840131,0.888494,1.3925261,0.96947217,1.2679334,1.0457606
