location,variant,median_ga,ga_upper_95,ga_lower_95,ga_upper_80,ga_lower_80,ga_upper_50,ga_lower_50
Vietnam,Omicron 22A,1.110485,1.2330481,1.0014472,1.1899574,1.0291411,1.1541346,1.0666124
Vietnam,Omicron 22B,1.0078261,1.0656259,0.952701,1.0448977,0.97255385,1.0274746,0.98870504
Vietnam,Omicron 22C,0.83741003,1.0847113,0.64029557,1.0097201,0.6982212,0.92066514,0.766145
Vietnam,Omicron 22D,1.9273744,2.3337495,1.5948107,2.1909754,1.6871017,2.043281,1.7984736
Vietnam,other,0.7739358,1.426466,0.4284245,1.1237655,0.51103556,0.9401738,0.6225684
