location,variant,median_ga,ga_upper_95,ga_lower_95,ga_upper_80,ga_lower_80,ga_upper_50,ga_lower_50
Vietnam,Delta,0.9779787,1.1366692,0.8505566,1.0751309,0.88923657,1.0275805,0.93181205
Vietnam,Omicron 21K,0.87298965,1.0683442,0.72025335,0.9917973,0.77078664,0.9276952,0.82150745
Vietnam,Omicron 22A,0.955731,1.2831281,0.7051066,1.1612836,0.79430455,1.0508357,0.87039304
Vietnam,Omicron 22B,1.3344977,1.4706926,1.2208618,1.4220145,1.2544239,1.3822627,1.288827
Vietnam,Omicron 22C,1.1544687,1.6182876,0.81065905,1.4408982,0.9057387,1.3104599,1.0181029
