location	variant	median_ga	ga_upper_95	ga_lower_95	ga_upper_80	ga_lower_80	ga_upper_50	ga_lower_50
Vietnam	Delta	0.57691777	0.9010104	0.36726743	0.77664983	0.42168212	0.6762088	0.49307764
Vietnam	Omicron 22A	0.98416734	1.1885265	0.8290472	1.105295	0.87715477	1.0398104	0.93011105
Vietnam	Omicron 22B	1.4643537	1.5620685	1.3676245	1.5302092	1.4022359	1.4947963	1.4323606
Vietnam	Omicron 22C	1.0740361	1.3744814	0.8148893	1.2509731	0.90132976	1.1795117	0.97749764
Vietnam	other	0.83246493	1.5561595	0.4230653	1.3374711	0.52622163	1.0334651	0.6580741
