location	variant	median_ga	ga_upper_95	ga_lower_95	ga_upper_80	ga_lower_80	ga_upper_50	ga_lower_50
Vietnam	Delta	0.9685178	1.1200144	0.8021704	1.0692813	0.85827345	1.0184104	0.9130212
Vietnam	Omicron 21K	0.6456113	0.91010904	0.45300865	0.80430275	0.5108687	0.7209791	0.58129257
Vietnam	Omicron 22A	0.8963289	1.1751275	0.68677413	1.0769435	0.75196517	0.9862603	0.8191956
Vietnam	Omicron 22B	1.4116155	1.535444	1.2908056	1.4938306	1.3331877	1.4552138	1.3715404
Vietnam	Omicron 22C	1.1453254	1.5099645	0.871717	1.3794019	0.955042	1.2537012	1.0484141
