location,variant,median_ga,ga_upper_95,ga_lower_95,ga_upper_80,ga_lower_80,ga_upper_50,ga_lower_50
Vietnam,Omicron 22A,0.75465477,0.9105348,0.63277143,0.8582253,0.6737203,0.80180085,0.7072687
Vietnam,Omicron 22B,0.7956531,0.84144926,0.7490703,0.82572293,0.76359034,0.81215096,0.78210235
Vietnam,Omicron 22D,1.3479667,1.4515651,1.2445941,1.4148185,1.2841455,1.382019,1.314532
Vietnam,Omicron 22E,0.867946,1.7889261,0.4523504,1.3427635,0.56811196,1.0961573,0.6889174
Vietnam,other,0.64457774,1.0290152,0.4023043,0.8955318,0.4674978,0.7711415,0.5480522
