location	variant	median_ga	ga_upper_95	ga_lower_95	ga_upper_80	ga_lower_80	ga_upper_50	ga_lower_50
Brazil	Delta	0.7654186	0.90717256	0.64616	0.8562089	0.6850805	0.8145944	0.7250773
Brazil	Omicron 21K	0.80854577	0.817347	0.80042934	0.8140067	0.80281913	0.81116945	0.8054075
Brazil	Omicron 22A	1.6088271	1.8438287	1.4007974	1.7711542	1.4795775	1.68397	1.5367169
Brazil	Omicron 22B	2.004478	2.1557174	1.8693422	2.1057167	1.9200304	2.051201	1.9543169
Brazil	Omicron 22C	1.301543	1.3968767	1.2115738	1.3623133	1.2427963	1.3302982	1.2685097
Brazil	other	1.072996	1.1033902	1.0438277	1.0906534	1.0528598	1.0834184	1.0620468
