location	variant	median_ga	ga_upper_95	ga_lower_95	ga_upper_80	ga_lower_80	ga_upper_50	ga_lower_50
Brazil	Delta	0.31669733	0.38313982	0.2684828	0.35663015	0.27917367	0.33722672	0.29714242
Brazil	Omicron 21K	0.830184	0.9943732	0.70166194	0.9294287	0.7338053	0.882921	0.78129125
Brazil	Omicron 22C	0.19546263	0.33666444	0.10643795	0.28031132	0.13132314	0.23896049	0.15812165
Brazil	other	0.41407362	0.5042351	0.3487394	0.46725923	0.36622456	0.44002312	0.39157692
