location	variant	median_ga	ga_upper_95	ga_lower_95	ga_upper_80	ga_lower_80	ga_upper_50	ga_lower_50
Brazil	Delta	0.31783584	0.3487371	0.290143	0.33848625	0.2978378	0.32881892	0.3080911
Brazil	Omicron 21K	0.7786068	0.847031	0.7125268	0.82748705	0.7343481	0.80083054	0.7569999
Brazil	Omicron 22A	0.18356636	0.37836835	0.08629255	0.30023858	0.1065137	0.24021234	0.13740538
Brazil	Omicron 22B	0.16927291	0.3583741	0.07555227	0.272037	0.09552262	0.21613386	0.12329865
Brazil	Omicron 22C	0.27187967	0.5074884	0.15054896	0.4167087	0.18758419	0.34319466	0.2263029
Brazil	other	0.46557027	0.5230252	0.42039338	0.50091225	0.43597534	0.4855831	0.45146817
