location	variant	median_ga	ga_upper_95	ga_lower_95	ga_upper_80	ga_lower_80	ga_upper_50	ga_lower_50
Brazil	Delta	0.78367573	1.0075827	0.61698055	0.9248344	0.6634243	0.86148643	0.7192596
Brazil	Omicron 21K	0.8681662	0.8806976	0.85608184	0.8765008	0.86012465	0.87248427	0.8637035
Brazil	Omicron 22A	1.6903913	1.7482916	1.6356577	1.7277479	1.6544039	1.7094507	1.6704901
Brazil	Omicron 22B	1.5588727	1.5889454	1.5241337	1.5793316	1.5377471	1.5713136	1.548145
Brazil	Omicron 22C	1.1765175	1.2134017	1.1411872	1.1996893	1.1548339	1.1883216	1.165233
Brazil	Omicron 22D	1.1453087	1.5423014	0.8752796	1.4219948	0.9641808	1.2621709	1.0425512
Brazil	other	1.075503	1.1024053	1.0485233	1.0934439	1.05828	1.085911	1.067338
