location	variant	median_ga	ga_upper_95	ga_lower_95	ga_upper_80	ga_lower_80	ga_upper_50	ga_lower_50
Brazil	Delta	1.1265974	1.2839696	0.97425866	1.2262129	1.0297648	1.1764127	1.0714511
Brazil	Omicron 21K	1.0827217	1.2105088	0.9652358	1.1722417	1.012473	1.1224345	1.0454485
Brazil	Omicron 22A	0.98602605	1.0701518	0.91040933	1.0398431	0.9365871	1.0171483	0.9599156
Brazil	Omicron 22B	1.0130594	1.1003633	0.9351698	1.0666518	0.9647449	1.0425744	0.98750556
Brazil	Omicron 22C	0.9038862	1.098211	0.7434385	1.027991	0.7999628	0.969797	0.8495373
Brazil	Omicron 22D	1.2119255	1.3596249	1.0883119	1.3117174	1.1343471	1.2704017	1.1678276
Brazil	Omicron 22E	1.3962303	1.5527064	1.2623676	1.4821504	1.3074543	1.440053	1.3488376
Brazil	Omicron 23A	1.0631407	1.3480232	0.8020547	1.2372952	0.8952028	1.1636274	0.97008276
Brazil	other	1.2183204	1.3414806	1.0999641	1.2979392	1.135263	1.262926	1.1686198
