location	variant	median_ga	ga_upper_95	ga_lower_95	ga_upper_80	ga_lower_80	ga_upper_50	ga_lower_50
Japan	Delta	0.7407733	0.90639603	0.6100497	0.84999776	0.65378153	0.80198634	0.69366443
Japan	Omicron 21K	0.7713134	0.88246465	0.66773474	0.8443502	0.7051932	0.80633587	0.73497486
Japan	Omicron 22A	0.8988642	0.9277245	0.8730401	0.9199863	0.8828615	0.90866536	0.8911138
Japan	Omicron 22B	0.92883503	0.94328356	0.9153854	0.93777037	0.91994923	0.9336009	0.92406845
Japan	Omicron 22C	0.6734147	0.7964356	0.5741747	0.7507806	0.6072284	0.71336234	0.6365381
Japan	Omicron 22D	1.1113017	1.1331551	1.0926055	1.1259682	1.098545	1.1188761	1.104179
Japan	Omicron 22E	1.1674849	1.1871836	1.146847	1.1798683	1.1523365	1.1732017	1.1598077
Japan	Omicron 23A	1.24406	1.5396099	1.0147597	1.4256089	1.0853333	1.3315808	1.1553216
Japan	other	1.0066812	1.0277528	0.9846916	1.0207129	0.9918401	1.0135494	0.99940425
