location	variant	median_ga	ga_upper_95	ga_lower_95	ga_upper_80	ga_lower_80	ga_upper_50	ga_lower_50
Japan	Delta	0.46474278	0.53888655	0.40148523	0.5096535	0.42279655	0.4871181	0.44163394
Japan	Omicron 21K	1.0870332	1.2727478	0.9292512	1.1925671	0.98696667	1.1416235	1.0361696
Japan	Omicron 22C	0.26846445	0.49837708	0.14541475	0.40645677	0.1810046	0.33537975	0.21172804
Japan	other	0.5551144	0.6418842	0.47611457	0.6113513	0.50490576	0.582424	0.52761626
