location	variant	median_ga	ga_upper_95	ga_lower_95	ga_upper_80	ga_lower_80	ga_upper_50	ga_lower_50
Japan	Delta	1.3369377	1.6372967	1.0959959	1.5312452	1.1836673	1.4281007	1.2498349
Japan	Omicron 21K	1.2339237	1.391675	1.105821	1.3292723	1.1493415	1.2805836	1.192275
Japan	Omicron 22A	1.1936848	1.2153401	1.1754286	1.2080438	1.182305	1.2018201	1.1868939
Japan	Omicron 22B	1.4098494	1.4227954	1.394421	1.419361	1.4001356	1.4151268	1.4047382
Japan	Omicron 22C	1.0442717	1.0676208	1.0214474	1.0589632	1.0291845	1.0518314	1.035687
Japan	Omicron 22D	1.4682148	1.5137875	1.4251981	1.4991542	1.437721	1.4833483	1.4524636
Japan	Omicron 22E	2.3420124	2.5804708	2.1243496	2.4865696	2.1872108	2.4235954	2.2502298
Japan	other	1.4864691	1.5131581	1.4583036	1.503063	1.4678183	1.4952304	1.4757199
