location,variant,median_ga,ga_upper_95,ga_lower_95,ga_upper_80,ga_lower_80,ga_upper_50,ga_lower_50
South Africa,Delta,0.65679324,1.0144926,0.42567378,0.89011407,0.48407444,0.7614999,0.5608883
South Africa,Omicron 21K,1.0169097,1.0861306,0.94579947,1.0675411,0.9681217,1.0452217,0.9917183
South Africa,Omicron 22A,0.99916637,1.0398798,0.95205647,1.0242833,0.9680332,1.0127475,0.9844596
South Africa,Omicron 22B,1.0517902,1.0921752,1.0079744,1.0771447,1.0230821,1.0646422,1.0368407
South Africa,Omicron 22C,0.6529677,0.9173082,0.4510492,0.80651623,0.5084366,0.73203135,0.56818724
South Africa,Omicron 22D,1.0548971,1.2233162,0.8852258,1.1579798,0.9439262,1.1062992,0.9857165
South Africa,Omicron 22E,0.9916909,1.3652605,0.6933682,1.2298158,0.76692116,1.1187524,0.8572319
South Africa,other,1.1264744,1.2395232,1.0390186,1.2062347,1.0645926,1.1681563,1.0944145
