location	variant	median_ga	ga_upper_95	ga_lower_95	ga_upper_80	ga_lower_80	ga_upper_50	ga_lower_50
South Africa	Delta	1.0375504	1.1572104	0.9203572	1.1140019	0.9555112	1.0751019	0.99208766
South Africa	Omicron 21K	0.97548485	1.0146922	0.93957245	1.0022613	0.95094204	0.9887631	0.9632123
South Africa	Omicron 22A	1.3813562	1.4131124	1.3558967	1.4019536	1.3636473	1.3917432	1.3720955
South Africa	Omicron 22B	1.456103	1.4972703	1.409862	1.4832442	1.4236438	1.4697721	1.4410751
South Africa	other	0.9104991	1.0012898	0.8293585	0.96047735	0.86095095	0.94119537	0.87890303
