location,variant,median_ga,ga_upper_95,ga_lower_95,ga_upper_80,ga_lower_80,ga_upper_50,ga_lower_50
South Africa,Delta,0.90813136,1.0214131,0.80481374,0.9808723,0.83230215,0.9442345,0.8710823
South Africa,Omicron 21K,0.74123675,0.7566246,0.7264869,0.751516,0.73056877,0.7464896,0.73606944
South Africa,Omicron 22A,1.1246028,1.2410271,1.003838,1.2038703,1.0421557,1.162781,1.0785053
South Africa,Omicron 22B,1.5464749,1.8754234,1.2931762,1.755471,1.3601094,1.6555843,1.4609369
South Africa,other,0.8963372,0.95293134,0.8436015,0.9308206,0.86107135,0.91439927,0.8775394
