location	variant	median_ga	ga_upper_95	ga_lower_95	ga_upper_80	ga_lower_80	ga_upper_50	ga_lower_50
South Africa	Delta	0.81791496	1.1591234	0.59724826	1.0416629	0.65757966	0.9324004	0.7231365
South Africa	Omicron 21K	1.2358809	1.3454665	1.1312325	1.3130624	1.1657445	1.2755392	1.1981254
South Africa	Omicron 22A	1.1298188	1.212259	1.0601132	1.1852909	1.083391	1.1587025	1.1041901
South Africa	Omicron 22B	1.2271936	1.3144618	1.1497755	1.2849772	1.1772387	1.2555802	1.2025682
South Africa	Omicron 22C	0.8577279	1.0772868	0.68287355	1.0232584	0.74171114	0.9468101	0.80317616
South Africa	Omicron 22D	1.2536366	1.661676	0.95712626	1.4960371	1.0401759	1.3851925	1.132046
South Africa	other	1.1094061	1.3055687	0.94850373	1.2373896	1.0063614	1.1778786	1.0530293
