location,variant,median_ga,ga_upper_95,ga_lower_95,ga_upper_80,ga_lower_80,ga_upper_50,ga_lower_50
South Africa,Delta,1.0180588,1.1744481,0.87126654,1.1229937,0.9190462,1.0792452,0.9685569
South Africa,Omicron 21K,0.9875753,1.0350533,0.9401299,1.0176952,0.9572686,1.0046322,0.97107536
South Africa,Omicron 22A,1.3759117,1.4046452,1.3440709,1.3965812,1.3565564,1.3870893,1.3661329
South Africa,Omicron 22B,1.4023755,1.4452043,1.3671887,1.4271666,1.3790804,1.4159546,1.3913751
South Africa,Omicron 22C,1.553598,2.1051183,1.1073613,1.9517934,1.2406447,1.7165996,1.3765385
South Africa,other,0.8449195,0.95547783,0.74386996,0.91523474,0.77604955,0.8773668,0.8074256
