location,variant,median_ga,ga_upper_95,ga_lower_95,ga_upper_80,ga_lower_80,ga_upper_50,ga_lower_50
United Kingdom,Delta,0.8041335,0.90738887,0.7037047,0.8685088,0.74109584,0.8371247,0.7682624
United Kingdom,Omicron 21K,0.7067095,0.71119,0.70169413,0.7096582,0.70339024,0.70834076,0.7048922
United Kingdom,Omicron 22A,1.7187366,1.7869351,1.647141,1.7621503,1.6718198,1.7396449,1.6974416
United Kingdom,Omicron 22B,1.799284,1.8900957,1.696315,1.8620307,1.7346947,1.8285159,1.763272
United Kingdom,Omicron 22C,1.6260943,1.6841514,1.567016,1.6604469,1.5863806,1.6428027,1.6038221
United Kingdom,other,1.012169,1.0268695,0.9972765,1.0218071,1.0021795,1.0167272,1.0070505
