location	variant	median_ga	ga_upper_95	ga_lower_95	ga_upper_80	ga_lower_80	ga_upper_50	ga_lower_50
United Kingdom	Omicron 21K	0.9537654	1.0338176	0.8851415	1.0082942	0.9050655	0.9813702	0.92933846
United Kingdom	Omicron 22A	0.89714575	0.918869	0.8755809	0.9120848	0.88240224	0.90521425	0.8905975
United Kingdom	Omicron 22B	0.9212058	0.94012177	0.9007267	0.9347121	0.9074357	0.9278724	0.91452265
United Kingdom	Omicron 22C	0.7253113	0.85163164	0.6280928	0.808067	0.6542982	0.76403284	0.691836
United Kingdom	Omicron 22D	1.0696869	1.0951529	1.0449736	1.0852752	1.0553589	1.079071	1.0615643
United Kingdom	Omicron 22E	1.1888173	1.2127962	1.1615825	1.2056441	1.1707162	1.1982952	1.1787663
United Kingdom	other	1.266285	1.3156303	1.2290566	1.2949616	1.2407612	1.2775366	1.2528598
