location	variant	median_ga	ga_upper_95	ga_lower_95	ga_upper_80	ga_lower_80	ga_upper_50	ga_lower_50
United Kingdom	Delta	0.204534	0.21503174	0.19523743	0.21073428	0.1988027	0.20796555	0.20160829
United Kingdom	Omicron 21K	0.5492141	0.57410216	0.52521914	0.5644098	0.53301096	0.5564531	0.5410191
United Kingdom	other	0.36947626	0.39981318	0.33851475	0.38820675	0.3498189	0.3803454	0.35855642
