location	variant	median_ga	ga_upper_95	ga_lower_95	ga_upper_80	ga_lower_80	ga_upper_50	ga_lower_50
United Kingdom	Delta	0.6006297	0.93507147	0.37454802	0.7976636	0.43679854	0.70374036	0.51050144
United Kingdom	Omicron 21K	1.0479655	1.1129518	0.9840766	1.0927483	1.0028399	1.0742837	1.0237288
United Kingdom	Omicron 22A	1.0116875	1.0306399	0.99226284	1.0247798	0.9987505	1.0181377	1.0047607
United Kingdom	Omicron 22B	1.0498116	1.0684297	1.0313915	1.0621458	1.0370661	1.056478	1.0428829
United Kingdom	Omicron 22C	0.8656703	0.9203217	0.81674296	0.90146226	0.8349316	0.8829981	0.85031974
United Kingdom	Omicron 22D	1.2443305	1.2729802	1.2151748	1.2619944	1.2255648	1.2535893	1.2341158
United Kingdom	Omicron 22E	1.4537268	1.4932414	1.4211271	1.4811544	1.4323049	1.467963	1.4431494
United Kingdom	other	1.2327225	1.2902734	1.1833631	1.2737558	1.1987813	1.2547812	1.2121373
