location	variant	median_ga	ga_upper_95	ga_lower_95	ga_upper_80	ga_lower_80	ga_upper_50	ga_lower_50
United Kingdom	Delta	3.3811655	4.1416397	2.797861	3.8278284	3.0000627	3.6066236	3.179093
United Kingdom	Omicron 21K	5.006494	6.7779627	3.7151184	6.1509485	4.0804477	5.592173	4.4419518
United Kingdom	Omicron 22A	0.40710694	0.7950641	0.19995561	0.6463699	0.2529669	0.51190495	0.3230267
United Kingdom	Omicron 22B	1.2003942	1.4961777	0.96211267	1.378449	1.0400226	1.3017044	1.1114291
United Kingdom	Omicron 22C	2.5471828	3.1108484	2.0518465	2.9315615	2.2234082	2.752779	2.3714309
United Kingdom	other	2.1091242	2.6037169	1.7210708	2.4234068	1.8283138	2.2690291	1.9476811
