location,variant,median_ga,ga_upper_95,ga_lower_95,ga_upper_80,ga_lower_80,ga_upper_50,ga_lower_50
United Kingdom,Delta,0.23150936,0.23896682,0.22610438,0.23664105,0.22776248,0.23427883,0.22940286
United Kingdom,Omicron 21K,0.58971655,0.60019684,0.5789047,0.5965789,0.5827267,0.59281874,0.5860622
United Kingdom,other,0.4725512,0.50090146,0.44629118,0.49036583,0.4553183,0.48172617,0.46358532
