location,variant,median_ga,ga_upper_95,ga_lower_95,ga_upper_80,ga_lower_80,ga_upper_50,ga_lower_50
United Kingdom,Delta,0.9880082,1.2495966,0.7481226,1.153811,0.8250579,1.0633125,0.9057443
United Kingdom,Omicron 21K,1.1383513,1.2152495,1.0620098,1.1895365,1.0901648,1.168795,1.1117172
United Kingdom,Omicron 22A,1.1026629,1.1229787,1.0781987,1.1159884,1.0867015,1.1098082,1.0944473
United Kingdom,Omicron 22B,1.1543291,1.1755288,1.1305608,1.1692808,1.1390901,1.1622812,1.1463974
United Kingdom,Omicron 22C,0.8612821,0.9004746,0.82711524,0.8882111,0.8381063,0.8754691,0.8485924
United Kingdom,Omicron 22D,1.4417218,1.4798143,1.401717,1.4678363,1.4154006,1.4547466,1.4289002
United Kingdom,Omicron 22E,1.7792096,1.8634026,1.707758,1.836218,1.727881,1.807141,1.7536209
United Kingdom,other,1.1555519,1.2046442,1.1047722,1.186948,1.1249754,1.1703486,1.1377413
