location	variant	median_ga	ga_upper_95	ga_lower_95	ga_upper_80	ga_lower_80	ga_upper_50	ga_lower_50
Japan	Omicron 21K	0.9141747	0.9992563	0.8406154	0.97055584	0.86290324	0.94187397	0.88764584
Japan	Omicron 22A	1.3349266	1.358757	1.3104353	1.3511438	1.3194164	1.3436117	1.3265387
Japan	Omicron 22B	1.6112826	1.6220429	1.6000578	1.6185791	1.603611	1.6152227	1.6072108
Japan	Omicron 22C	1.1880357	1.206091	1.167958	1.199172	1.1751132	1.1942011	1.1807425
Japan	Omicron 22D	1.6228259	1.7153795	1.5412035	1.6811612	1.5684714	1.6557398	1.5913556
Japan	other	1.4270728	1.5149816	1.3464906	1.4860122	1.3720827	1.4564804	1.3947554
