location,variant,median_ga,ga_upper_95,ga_lower_95,ga_upper_80,ga_lower_80,ga_upper_50,ga_lower_50
Japan,Omicron 21K,1.0853236,1.2838243,0.9175943,1.226491,0.9785732,1.1475338,1.0241947
Japan,Omicron 22A,1.1962179,1.2181697,1.1753354,1.2113134,1.1822537,1.204336,1.1883475
Japan,Omicron 22B,1.4151883,1.4272306,1.4020567,1.4235504,1.4061496,1.4194623,1.4102957
Japan,Omicron 22C,1.0349581,1.060159,1.00602,1.0520991,1.0164342,1.0439578,1.0258422
Japan,Omicron 22D,1.4663584,1.5131773,1.4234221,1.4982212,1.4371933,1.4815044,1.4519074
Japan,Omicron 22E,1.985316,2.3342872,1.6857178,2.2056875,1.761666,2.0971928,1.8543911
Japan,other,1.5072379,1.5555089,1.4634111,1.5388958,1.4762634,1.5230542,1.4902008
