location,variant,median_ga,ga_upper_95,ga_lower_95,ga_upper_80,ga_lower_80,ga_upper_50,ga_lower_50
Japan,Omicron 21K,0.7294011,0.7406298,0.7192165,0.73712575,0.7230692,0.7330543,0.7261076
Japan,Omicron 22A,1.7382855,1.922504,1.5707307,1.8522146,1.6280214,1.797724,1.6780126
Japan,Omicron 22B,1.860584,1.9534864,1.7771419,1.9191208,1.807395,1.8919635,1.8336763
Japan,Omicron 22C,1.4772862,1.5413276,1.4124315,1.518644,1.4370724,1.5008101,1.4555038
Japan,Omicron 22D,1.1678329,1.4437358,0.89171517,1.3703282,0.9821231,1.2621053,1.0675656
Japan,other,1.1956928,1.2770107,1.1278348,1.2452242,1.144383,1.2246202,1.1668303
