location	variant	median_ga	ga_upper_95	ga_lower_95	ga_upper_80	ga_lower_80	ga_upper_50	ga_lower_50
Japan	Omicron 21K	0.83464444	1.0014181	0.69950545	0.93763155	0.74191505	0.8843535	0.7867209
Japan	Omicron 22A	1.2624321	1.2892809	1.2358443	1.2800633	1.245785	1.2720064	1.2538406
Japan	Omicron 22B	1.5403951	1.5526547	1.5269301	1.54856	1.5323839	1.544955	1.5364023
Japan	Omicron 22C	1.1411815	1.167669	1.1192322	1.1583709	1.1270615	1.1487427	1.1343896
Japan	Omicron 22D	1.592072	1.6676186	1.5314769	1.6384817	1.5497525	1.6162791	1.569812
Japan	other	1.5785846	1.6403121	1.5261903	1.6199745	1.541605	1.6002358	1.557642
