location	variant	median_ga	ga_upper_95	ga_lower_95	ga_upper_80	ga_lower_80	ga_upper_50	ga_lower_50
Japan	Omicron 21K	0.9070533	1.0782473	0.7541027	1.0059252	0.8055454	0.9500853	0.85210633
Japan	Omicron 22A	0.9100379	0.9400569	0.88026166	0.9297406	0.89201283	0.92058337	0.90049326
Japan	Omicron 22B	0.94493985	0.9597742	0.9306864	0.95448697	0.9354939	0.94995886	0.9396729
Japan	Omicron 22C	0.7040657	0.81119317	0.6071669	0.7781129	0.63893867	0.7399179	0.6651714
Japan	Omicron 22D	1.1321814	1.1571383	1.1077507	1.14892	1.1156386	1.1412718	1.124458
Japan	Omicron 22E	1.262466	1.2960802	1.2296393	1.284691	1.2424761	1.2742842	1.2518486
Japan	other	1.0432892	1.072458	1.0160227	1.0621494	1.0255238	1.0543759	1.0340995
