location,variant,median_ga,ga_upper_95,ga_lower_95,ga_upper_80,ga_lower_80,ga_upper_50,ga_lower_50
Australia,Omicron 21K,0.75855345,0.9870436,0.58389556,0.8912577,0.6382772,0.83119386,0.6903673
Australia,Omicron 22A,0.91108835,0.92737675,0.8924229,0.9218544,0.89932925,0.9166282,0.9048555
Australia,Omicron 22B,0.9314631,0.9442345,0.917963,0.9404223,0.9221761,0.936493,0.92617524
Australia,Omicron 22C,0.607726,0.83776546,0.4431628,0.74591434,0.5000045,0.6773234,0.54181266
Australia,Omicron 22D,1.099355,1.1167719,1.0792038,1.1107281,1.0859499,1.106079,1.0914156
Australia,Omicron 22E,1.1673295,1.1907499,1.1463063,1.1820961,1.1535885,1.1753439,1.1601392
Australia,other,1.2844388,1.3180182,1.2531157,1.3065201,1.2620468,1.2959538,1.2726452
