location,variant,median_ga,ga_upper_95,ga_lower_95,ga_upper_80,ga_lower_80,ga_upper_50,ga_lower_50
Australia,Delta,0.620019,1.0753345,0.36940283,0.9033393,0.44247863,0.74705243,0.52191323
Australia,Omicron 21K,0.7281732,0.74234146,0.7147578,0.73660135,0.71944135,0.7328197,0.7236305
Australia,Omicron 22A,1.4455585,1.5211506,1.3742436,1.4982314,1.3965089,1.4760699,1.4195606
Australia,Omicron 22B,1.6772484,1.7775364,1.5696872,1.7484157,1.6061819,1.7141951,1.635694
Australia,Omicron 22C,1.3295777,1.3894846,1.2699502,1.3682678,1.2920673,1.3502188,1.3082571
Australia,other,1.0245414,1.101059,0.9625118,1.0733545,0.979777,1.0495085,0.99813986
