location	variant	median_ga	ga_upper_95	ga_lower_95	ga_upper_80	ga_lower_80	ga_upper_50	ga_lower_50
Australia	Omicron 21K	0.8026401	0.8293033	0.77880764	0.81923896	0.7864992	0.81120074	0.7938113
Australia	Omicron 22A	1.3533684	1.3781977	1.3304231	1.3699121	1.3367678	1.3619193	1.3443377
Australia	Omicron 22B	1.5366833	1.5610744	1.5118101	1.5526576	1.5195848	1.5450604	1.5278904
Australia	Omicron 22C	1.2308908	1.2528934	1.2071666	1.2444595	1.2156782	1.2381706	1.2226411
Australia	Omicron 22D	1.3183855	1.9559062	0.8602114	1.7200699	0.99152154	1.499329	1.1196982
Australia	other	1.0385392	1.127379	0.96368504	1.0912427	0.98834246	1.0642582	1.0128077
