location,variant,median_ga,ga_upper_95,ga_lower_95,ga_upper_80,ga_lower_80,ga_upper_50,ga_lower_50
Australia,Delta,0.73990685,1.3737938,0.42526823,1.0819772,0.49925777,0.913199,0.6069752
Australia,Omicron 21K,0.7656394,0.91935486,0.6405271,0.86910695,0.68307126,0.81715494,0.7220253
Australia,Omicron 22A,1.2971438,1.3119649,1.2811949,1.307525,1.2864397,1.3027339,1.2917395
Australia,Omicron 22B,1.4186429,1.4326687,1.404207,1.4283792,1.4099424,1.4234576,1.4142498
Australia,Omicron 22C,1.1282895,1.1533254,1.106988,1.1442379,1.1133996,1.1361434,1.1199112
Australia,Omicron 22D,1.7031639,1.7947615,1.6156673,1.7592113,1.650471,1.7311382,1.6753131
Australia,other,0.89394027,1.0533178,0.76194,0.98864967,0.8111286,0.9459586,0.8483751
