location,variant,median_ga,ga_upper_95,ga_lower_95,ga_upper_80,ga_lower_80,ga_upper_50,ga_lower_50
Australia,Delta,0.43637347,0.5482204,0.35882854,0.50605536,0.37868646,0.47252318,0.4043438
Australia,Omicron 21K,0.69807804,0.7081121,0.68760324,0.70504016,0.69188786,0.7014632,0.69473433
Australia,Omicron 22A,0.90835404,1.8113028,0.5064371,1.4400891,0.60508305,1.1412003,0.71814924
Australia,Omicron 22C,0.95854723,1.1324372,0.8097744,1.0657597,0.8542159,1.0162159,0.89821017
Australia,other,0.8690564,0.94165933,0.8065461,0.91323316,0.8298791,0.8914505,0.8465943
