location,variant,median_ga,ga_upper_95,ga_lower_95,ga_upper_80,ga_lower_80,ga_upper_50,ga_lower_50
Australia,Delta,0.7198243,1.2129114,0.42201567,0.9926919,0.5087414,0.85453343,0.6001413
Australia,Omicron 21K,1.0279415,1.2384114,0.8572576,1.1709694,0.903633,1.0972533,0.9573258
Australia,Omicron 22A,1.2614541,1.2796549,1.2434025,1.2729378,1.24829,1.2670486,1.2545825
Australia,Omicron 22B,1.374536,1.3930113,1.354503,1.3860767,1.3628336,1.3809525,1.3682759
Australia,Omicron 22C,1.1032305,1.1333163,1.0707154,1.1210173,1.0817006,1.1125485,1.0909686
Australia,Omicron 22D,1.6810926,1.7484332,1.6168576,1.7236792,1.6387992,1.7025957,1.659298
Australia,Omicron 22E,1.0653663,2.6888494,0.43794793,1.8800443,0.5691545,1.3879554,0.735796
Australia,other,0.95474243,1.139945,0.7947502,1.0844849,0.846092,1.0182521,0.8913101
