location,variant,median_ga,ga_upper_95,ga_lower_95,ga_upper_80,ga_lower_80,ga_upper_50,ga_lower_50
Vietnam,Delta,4.728822e-09,2.6874935e-05,7.339175e-13,2.0708674e-06,8.869543e-12,1.08375886e-07,1.6100721e-10
Vietnam,Omicron 22A,1.1152737,1.3694084,0.9140837,1.2640172,0.987542,1.1919956,1.04042
Vietnam,Omicron 22B,1.5439694,1.6244652,1.460882,1.5986705,1.488544,1.5730922,1.5135636
Vietnam,Omicron 22C,1.1094191,1.416944,0.87674654,1.2947838,0.95057416,1.2098457,1.032277
Vietnam,other,0.90432453,1.3392041,0.59904367,1.1895308,0.6967112,1.0328221,0.7964015
