location	variant	median_ga	ga_upper_95	ga_lower_95	ga_upper_80	ga_lower_80	ga_upper_50	ga_lower_50
Vietnam	Delta	4.952853e-09	3.4964105e-05	3.1817062e-13	2.0956516e-06	7.031659e-12	1.3051654e-07	1.6032409e-10
Vietnam	Omicron 22A	1.0945711	1.3532593	0.8791616	1.2460351	0.94766873	1.1703552	1.0112813
Vietnam	Omicron 22B	1.5125439	1.6059567	1.4243319	1.573247	1.4529082	1.54205	1.4841995
Vietnam	Omicron 22C	1.1334864	1.4509056	0.9163811	1.3354276	0.9785973	1.2322489	1.0501678
Vietnam	other	0.85405815	1.2355101	0.57428396	1.0958214	0.65399075	0.9803587	0.7525954
