location,variant,median_ga,ga_upper_95,ga_lower_95,ga_upper_80,ga_lower_80,ga_upper_50,ga_lower_50
Vietnam,Omicron 22A,1.1052097,1.2438538,0.99265957,1.1985134,1.0287101,1.1518774,1.0646335
Vietnam,Omicron 22B,1.0180117,1.0685966,0.96690863,1.0495583,0.98612654,1.0347992,0.9984736
Vietnam,Omicron 22C,0.7526428,1.0163783,0.5427412,0.9142621,0.59904456,0.8382741,0.6766515
Vietnam,Omicron 22D,1.8908868,2.190473,1.6394569,2.0875065,1.7186567,1.9973776,1.798861
Vietnam,other,0.8487366,1.1927952,0.60832417,1.0594687,0.67119044,0.9572417,0.74933004
