location	variant	median_ga	ga_upper_95	ga_lower_95	ga_upper_80	ga_lower_80	ga_upper_50	ga_lower_50
Vietnam	Delta	1.3354263	1.4550877	1.2300613	1.4168397	1.261218	1.3783654	1.2912481
Vietnam	Omicron 21K	1.048264	1.2354404	0.89801645	1.1750929	0.9420938	1.1085259	0.9907483
Vietnam	Omicron 22A	1.2988124	1.5296028	1.1302854	1.4475657	1.1741587	1.3753432	1.2364991
Vietnam	Omicron 22B	1.2501142	1.4332368	1.08582	1.3645313	1.1374018	1.3086379	1.195487
Vietnam	Omicron 22C	1.1171143	1.392796	0.8971569	1.2963583	0.9710374	1.1968106	1.0376931
