location,variant,median_ga,ga_upper_95,ga_lower_95,ga_upper_80,ga_lower_80,ga_upper_50,ga_lower_50
Australia,Omicron 21K,0.7770747,0.79679203,0.75787693,0.78988457,0.7639295,0.78434587,0.76962936
Australia,Omicron 22A,1.3877257,1.4062102,1.365754,1.4000782,1.3737774,1.394219,1.3802955
Australia,Omicron 22B,1.5872302,1.6119058,1.5628104,1.6031191,1.5715833,1.5964704,1.5785024
Australia,Omicron 22C,1.2535635,1.2784023,1.2322309,1.2677231,1.2392553,1.2606134,1.2462903
Australia,Omicron 22D,1.1060653,1.3252792,0.9283924,1.2361687,0.979774,1.1703198,1.0368099
Australia,other,1.0415549,1.0970532,0.9945555,1.0770893,1.0128753,1.0588235,1.0259132
