location,variant,median_ga,ga_upper_95,ga_lower_95,ga_upper_80,ga_lower_80,ga_upper_50,ga_lower_50
Australia,Omicron 21K,1.1477215,1.3020157,1.0151851,1.2491553,1.0571907,1.1988153,1.0955784
Australia,Omicron 22A,1.0135989,1.0270334,1.000799,1.0235631,1.0051682,1.0185472,1.0094626
Australia,Omicron 22B,1.0555184,1.0686679,1.0444983,1.0638605,1.0477357,1.0596924,1.0514891
Australia,Omicron 22C,0.8409641,0.8919321,0.7909053,0.8727859,0.80839664,0.8591939,0.8234681
Australia,Omicron 22D,1.1952696,1.2163944,1.1777021,1.2084624,1.1829284,1.2018284,1.1888535
Australia,Omicron 22E,1.583472,1.6507151,1.527338,1.6305617,1.5431474,1.6087544,1.5634811
Australia,other,1.625572,1.7180738,1.5384536,1.6944234,1.5651124,1.6577411,1.5927622
