location,variant,median_ga,ga_upper_95,ga_lower_95,ga_upper_80,ga_lower_80,ga_upper_50,ga_lower_50
Australia,Omicron 21K,0.9174768,1.0502925,0.79712975,1.0025287,0.83244205,0.95765567,0.8707456
Australia,Omicron 22A,0.90434146,0.9188442,0.89124197,0.9136755,0.8957031,0.90917575,0.89994025
Australia,Omicron 22B,0.9282441,0.9382036,0.9184464,0.9349512,0.92180645,0.931621,0.92419255
Australia,Omicron 22C,0.47067982,0.7442745,0.30652755,0.63212967,0.35904142,0.56002814,0.40814757
Australia,Omicron 22D,1.1054901,1.1189401,1.092809,1.1142296,1.0962757,1.1102345,1.1008343
Australia,Omicron 22E,1.1802125,1.195437,1.164098,1.1910974,1.1700054,1.1857231,1.1748886
Australia,other,1.2081393,1.2239864,1.1910563,1.2187237,1.1965033,1.2141066,1.2020154
