location,variant,median_ga,ga_upper_95,ga_lower_95,ga_upper_80,ga_lower_80,ga_upper_50,ga_lower_50
Australia,Omicron 21K,1.0346332,1.1577015,0.9266268,1.1121917,0.9596212,1.0713961,0.99459857
Australia,Omicron 22A,0.9662905,0.9790193,0.9535226,0.97502387,0.95779157,0.9709034,0.9623289
Australia,Omicron 22B,0.9873012,0.9982425,0.9744799,0.9947927,0.9795722,0.99101186,0.9836037
Australia,Omicron 22C,0.7616325,0.8329327,0.6927662,0.80644226,0.7163622,0.78758854,0.7369056
Australia,Omicron 22D,1.1197574,1.1343904,1.1035454,1.1299311,1.1090764,1.1251444,1.1143148
Australia,Omicron 22E,1.4016484,1.4392594,1.366317,1.4256214,1.3765213,1.4139475,1.388447
Australia,other,1.3878462,1.4358438,1.3498492,1.4161756,1.3630421,1.4018878,1.374172
