location	variant	median_ga	ga_upper_95	ga_lower_95	ga_upper_80	ga_lower_80	ga_upper_50	ga_lower_50
Australia	Omicron 21K	1.1769096	1.3977332	0.99573517	1.3138536	1.0472884	1.2557207	1.110491
Australia	Omicron 22A	1.1065431	1.1211524	1.0920796	1.116705	1.0969074	1.1118679	1.1016906
Australia	Omicron 22B	1.1637828	1.1763583	1.1516062	1.1724608	1.155211	1.1682765	1.1590601
Australia	Omicron 22C	0.9194305	0.9539987	0.88781774	0.94136584	0.89812505	0.93146545	0.9076531
Australia	Omicron 22D	1.3617139	1.3906864	1.3371869	1.378125	1.3455746	1.3710213	1.3534907
Australia	Omicron 22E	1.7926784	1.9915361	1.613338	1.9222847	1.6713908	1.8571861	1.7288165
Australia	other	1.5368302	1.6862667	1.4193591	1.6237432	1.4630184	1.5842137	1.496995
