location	variant	median_ga	ga_upper_95	ga_lower_95	ga_upper_80	ga_lower_80	ga_upper_50	ga_lower_50
Australia	Delta	0.72370267	1.0932574	0.4710436	0.91843426	0.5513898	0.8137791	0.6267071
Australia	Omicron 21K	0.7129275	0.89148915	0.58509505	0.8246133	0.6237976	0.77133876	0.6623188
Australia	Omicron 22A	1.3213252	1.3332381	1.3100721	1.3297045	1.314138	1.3255728	1.3176305
Australia	Omicron 22B	1.4511331	1.4629145	1.4402444	1.458835	1.4438101	1.4551072	1.4469534
Australia	Omicron 22C	1.144655	1.1620706	1.12587	1.1561219	1.1328396	1.1508703	1.1386204
Australia	Omicron 22D	1.8035874	1.889523	1.7254043	1.8595676	1.7542232	1.8321987	1.7769142
Australia	other	0.8668277	0.97141737	0.7751757	0.9407137	0.8041602	0.9074186	0.83512264
