location	variant	median_ga	ga_upper_95	ga_lower_95	ga_upper_80	ga_lower_80	ga_upper_50	ga_lower_50
Australia	Delta	0.30362728	0.3137706	0.2937459	0.31024718	0.29802525	0.30744955	0.30066806
Australia	Omicron 21K	0.6308618	0.6468824	0.6139976	0.641191	0.6187239	0.6362741	0.62486166
Australia	Omicron 22C	0.7019708	0.9723532	0.5405425	0.8682589	0.58462554	0.782984	0.6382834
Australia	other	0.54496086	0.6223414	0.4764548	0.5961445	0.5007013	0.5714383	0.52318144
