location	variant	median_ga	ga_upper_95	ga_lower_95	ga_upper_80	ga_lower_80	ga_upper_50	ga_lower_50
Brazil	Delta	0.6599325	0.70524	0.61866724	0.6892829	0.6310729	0.6756996	0.645999
Brazil	Omicron 21K	1.6621785	1.7706728	1.5647625	1.7273376	1.6021966	1.6948348	1.6340837
Brazil	other	0.7574996	0.81989825	0.69975024	0.79719466	0.7201646	0.7774646	0.7391756
