location,variant,median_ga,ga_upper_95,ga_lower_95,ga_upper_80,ga_lower_80,ga_upper_50,ga_lower_50
Brazil,Delta,0.42324865,0.5870328,0.2866407,0.54080397,0.31891587,0.4847585,0.3646236
Brazil,Omicron 21K,0.8293142,0.8362898,0.82159853,0.8338295,0.8244924,0.8318548,0.8269446
Brazil,Omicron 22A,1.4390676,1.822865,1.0919414,1.7072933,1.1994029,1.5819896,1.333183
Brazil,Omicron 22B,1.3972974,1.6840386,1.1761061,1.5975823,1.25297,1.4892786,1.322747
Brazil,Omicron 22C,1.1249269,1.2208254,1.0326957,1.1900593,1.0636762,1.1568544,1.0921457
Brazil,other,1.0617719,1.112265,1.014599,1.0958114,1.0315591,1.0795033,1.0466015
