location,variant,median_ga,ga_upper_95,ga_lower_95,ga_upper_80,ga_lower_80,ga_upper_50,ga_lower_50
Brazil,Omicron 21K,0.7243966,0.74753004,0.7012746,0.7376687,0.70909363,0.731568,0.7163844
Brazil,Omicron 22A,1.4608536,1.4830279,1.4388185,1.4750946,1.4462274,1.4681028,1.4527315
Brazil,Omicron 22B,1.5516939,1.5716581,1.531843,1.5639892,1.5388993,1.5583189,1.5443655
Brazil,Omicron 22C,1.1256571,1.1511934,1.0974581,1.1427653,1.108001,1.1338507,1.1165178
Brazil,other,1.0434339,1.0746539,1.0141816,1.0637432,1.0250129,1.0550894,1.0341957
