location	variant	median_ga	ga_upper_95	ga_lower_95	ga_upper_80	ga_lower_80	ga_upper_50	ga_lower_50
Brazil	Omicron 21K	0.72250724	0.7490327	0.69943535	0.7399635	0.70848835	0.73195565	0.71480083
Brazil	Omicron 22A	1.4572912	1.4777714	1.4392717	1.4709903	1.4437732	1.4641042	1.4498019
Brazil	Omicron 22B	1.550796	1.5715859	1.531981	1.5640079	1.5386208	1.5576766	1.5449865
Brazil	Omicron 22C	1.1224595	1.1499872	1.0956054	1.1393487	1.1032729	1.1316489	1.1122955
Brazil	other	1.0472052	1.07895	1.015264	1.0689415	1.0262691	1.0578481	1.035847
