location	variant	median_ga	ga_upper_95	ga_lower_95	ga_upper_80	ga_lower_80	ga_upper_50	ga_lower_50
Brazil	Delta	0.634096	0.8953531	0.4368254	0.78355384	0.49983293	0.7169025	0.5628801
Brazil	Omicron 21K	0.8816385	0.8948305	0.87070096	0.88952756	0.8736238	0.8861084	0.8771572
Brazil	Omicron 22A	1.6264596	1.6843814	1.5715486	1.6648266	1.5879952	1.6476108	1.6059775
Brazil	Omicron 22B	1.5090626	1.5457449	1.4735261	1.5336875	1.487966	1.5225737	1.4969695
Brazil	Omicron 22C	1.1643761	1.2013668	1.1327208	1.1886808	1.1432208	1.1770974	1.1532683
Brazil	other	1.0676326	1.0950184	1.0373559	1.0854119	1.0473759	1.0768063	1.0567912
