location	variant	median_ga	ga_upper_95	ga_lower_95	ga_upper_80	ga_lower_80	ga_upper_50	ga_lower_50
Brazil	Delta	0.30604088	0.33592147	0.2823634	0.32362142	0.29113862	0.31420043	0.29773247
Brazil	Omicron 21K	0.7593696	0.8295561	0.7040789	0.8024243	0.7219849	0.7802614	0.7402955
Brazil	other	0.43506798	0.48072922	0.3901301	0.46337134	0.40596962	0.44881988	0.42013726
