location	variant	median_ga	ga_upper_95	ga_lower_95	ga_upper_80	ga_lower_80	ga_upper_50	ga_lower_50
Brazil	Delta	0.84107125	1.41671	0.5232439	1.199887	0.5838169	1.01099	0.7099813
Brazil	Omicron 21K	1.1027052	1.2367141	1.0017757	1.1822786	1.0300887	1.1453006	1.0637739
Brazil	Omicron 22A	1.3724349	1.402719	1.3470997	1.3928078	1.353549	1.3829793	1.3624877
Brazil	Omicron 22B	1.5336888	1.5663841	1.5053716	1.5539865	1.5153978	1.5446677	1.5247333
Brazil	Omicron 22C	1.0863397	1.1404042	1.0390455	1.122602	1.054174	1.105696	1.0725015
Brazil	other	1.0343593	1.1060741	0.9630314	1.0882295	0.98969936	1.0611842	1.0111954
