location	variant	median_ga	ga_upper_95	ga_lower_95	ga_upper_80	ga_lower_80	ga_upper_50	ga_lower_50
Australia	Delta	0.7370063	0.9869065	0.54084337	0.8988027	0.5979226	0.8276154	0.6650213
Australia	Omicron 21K	3.749185	4.988744	2.7368994	4.583256	3.049846	4.196933	3.3575711
Australia	other	0.8916726	1.1807983	0.6502952	1.0831429	0.72069937	0.99631405	0.7956527
