location	variant	median_ga	ga_upper_95	ga_lower_95	ga_upper_80	ga_lower_80	ga_upper_50	ga_lower_50
Australia	Delta	0.8808652	1.0835451	0.70701545	1.0009437	0.7564198	0.93729836	0.8146418
Australia	Omicron 21K	0.92576814	1.0418764	0.8224771	1.0057638	0.8542929	0.96318305	0.88746864
Australia	Omicron 22A	0.90471554	0.91977084	0.88884294	0.9149281	0.8945171	0.9101586	0.89924854
Australia	Omicron 22B	0.9253879	0.93785685	0.9139421	0.9338866	0.9182546	0.92988753	0.9217003
Australia	Omicron 22C	0.7348571	0.8844068	0.63128006	0.80801153	0.6571869	0.76862633	0.69143873
Australia	Omicron 22D	1.1062696	1.1221402	1.0936114	1.1172092	1.0972508	1.1118028	1.1021268
Australia	Omicron 22E	1.1800554	1.1990176	1.1647414	1.1918541	1.1694655	1.1867876	1.1740607
Australia	Omicron 23A	1.4737453	1.764586	1.2674756	1.6592077	1.3317986	1.5686204	1.3985904
Australia	other	1.2041202	1.2231717	1.1872745	1.2165755	1.1927247	1.2111251	1.1985288
