location	variant	median_ga	ga_upper_95	ga_lower_95	ga_upper_80	ga_lower_80	ga_upper_50	ga_lower_50
United Kingdom	Delta	1.4024711	1.6458937	1.1910746	1.5522738	1.26059	1.4784825	1.326819
United Kingdom	Omicron 21K	1.3052722	1.3860456	1.2163393	1.3620741	1.2503041	1.336747	1.2776898
United Kingdom	Omicron 22A	1.4734396	1.4837236	1.462509	1.4801055	1.4661038	1.4769275	1.4695096
United Kingdom	Omicron 22B	1.6255565	1.6358271	1.6143832	1.6325918	1.6182461	1.6286237	1.6214955
United Kingdom	Omicron 22C	1.1776829	1.187757	1.1666634	1.1842208	1.1698864	1.180669	1.1736363
United Kingdom	Omicron 22D	1.943213	2.0337064	1.8529093	2.0057483	1.8872429	1.9775901	1.909297
United Kingdom	Omicron 22E	1.3513424	1.709794	1.0586838	1.5646211	1.1452632	1.456853	1.2324066
United Kingdom	other	1.3304126	1.3662347	1.293262	1.3538496	1.3049967	1.3428879	1.3179584
