location	variant	median_ga	ga_upper_95	ga_lower_95	ga_upper_80	ga_lower_80	ga_upper_50	ga_lower_50
United Kingdom	Delta	0.95773876	0.968781	0.9468208	0.9653824	0.9503693	0.96189904	0.9539521
United Kingdom	Omicron 21K	3.5736036	3.5952535	3.550042	3.58924	3.557137	3.5825624	3.5654883
United Kingdom	other	0.97715414	0.9989009	0.9565551	0.990964	0.96376497	0.9845436	0.9690666
