location,variant,median_ga,ga_upper_95,ga_lower_95,ga_upper_80,ga_lower_80,ga_upper_50,ga_lower_50
United Kingdom,Delta,0.76389027,0.86065805,0.6922471,0.8237006,0.7168909,0.7963721,0.7371551
United Kingdom,Omicron 21K,0.68234533,0.68465966,0.67993736,0.6837319,0.6809116,0.6830801,0.6814532
United Kingdom,Omicron 22A,1.8101656,1.8853424,1.7397492,1.8599377,1.768404,1.8397517,1.7884102
United Kingdom,Omicron 22B,1.9095562,1.9886683,1.8335333,1.9614596,1.8562226,1.9386976,1.8817799
United Kingdom,Omicron 22C,1.7170377,1.7636744,1.6733518,1.7450589,1.6856014,1.733427,1.6995056
United Kingdom,other,1.0217326,1.0290085,1.0151218,1.0264225,1.0168344,1.0239611,1.0190852
