location	variant	median_ga	ga_upper_95	ga_lower_95	ga_upper_80	ga_lower_80	ga_upper_50	ga_lower_50
United Kingdom	Delta	0.5850172	0.93309474	0.40332398	0.7872937	0.46302408	0.6761906	0.5212625
United Kingdom	Omicron 21K	0.97865415	1.0502932	0.9166862	1.0263016	0.9376677	1.0061774	0.9553063
United Kingdom	Omicron 22A	0.93896234	0.95051044	0.9283266	0.94644845	0.9316256	0.9429127	0.93538004
United Kingdom	Omicron 22B	0.9674648	0.9783728	0.95646656	0.974263	0.96054196	0.9711802	0.96394753
United Kingdom	Omicron 22C	0.7833573	0.8590189	0.71570146	0.8320259	0.7399079	0.80605745	0.7626617
United Kingdom	Omicron 22D	1.1405873	1.1574329	1.1243867	1.1501851	1.1302906	1.1451375	1.1348536
United Kingdom	Omicron 22E	1.3272198	1.3436658	1.3109713	1.3380632	1.3166473	1.3327453	1.3213705
United Kingdom	other	1.241679	1.2743254	1.209127	1.2621533	1.22019	1.2520411	1.230038
