location	variant	median_ga	ga_upper_95	ga_lower_95	ga_upper_80	ga_lower_80	ga_upper_50	ga_lower_50
United Kingdom	Delta	0.5013524	0.5217335	0.4853331	0.51507413	0.4898495	0.5084896	0.4957785
United Kingdom	Omicron 21K	0.66153055	0.66269803	0.66025954	0.6623213	0.66069806	0.6619224	0.6610419
United Kingdom	Omicron 22A	1.3049793	1.5269306	1.129585	1.4476025	1.191516	1.3765044	1.2454892
United Kingdom	Omicron 22B	1.4488329	1.6877949	1.2167985	1.5992593	1.2983816	1.5212495	1.3628352
United Kingdom	Omicron 22C	1.4121636	1.6107996	1.1965804	1.5540345	1.2770219	1.4868761	1.3360051
United Kingdom	other	0.9653878	0.97324777	0.9581537	0.9702988	0.9609049	0.9680113	0.96265423
