location,variant,median_ga,ga_upper_95,ga_lower_95,ga_upper_80,ga_lower_80,ga_upper_50,ga_lower_50
United Kingdom,Delta,0.49866897,0.5193767,0.4810323,0.5123353,0.48601335,0.50601524,0.49275103
United Kingdom,Omicron 21K,0.66080534,0.66191447,0.6597624,0.66150016,0.66007566,0.66119075,0.66042143
United Kingdom,Omicron 22A,1.3261238,1.5513823,1.1225932,1.4679374,1.1852611,1.3973901,1.247226
United Kingdom,Omicron 22B,1.4210649,1.7102947,1.2152135,1.6053417,1.2794156,1.5191728,1.3409245
United Kingdom,Omicron 22C,1.3942559,1.6019138,1.2146649,1.53905,1.2715447,1.4622585,1.3365662
United Kingdom,other,0.9682999,0.9763484,0.9609259,0.97342396,0.9634928,0.971377,0.96577543
