location	variant	median_ga	ga_upper_95	ga_lower_95	ga_upper_80	ga_lower_80	ga_upper_50	ga_lower_50
United Kingdom	Delta	1.1544831	1.3549917	0.98645675	1.2725244	1.0447373	1.2105453	1.0999362
United Kingdom	Omicron 21K	0.968995	0.99949753	0.9375834	0.99047804	0.94655186	0.9811696	0.95822835
United Kingdom	Omicron 22A	1.5799307	1.5885334	1.5709221	1.5860722	1.574139	1.5835378	1.576679
United Kingdom	Omicron 22B	1.7590728	1.767411	1.7497962	1.7651871	1.7527034	1.7624766	1.7558693
United Kingdom	Omicron 22C	1.3474851	1.3553944	1.338891	1.3529751	1.3422248	1.3503172	1.3447212
United Kingdom	Omicron 22D	1.7462461	1.9513845	1.5618122	1.8844426	1.6191188	1.8165172	1.677511
United Kingdom	other	1.095897	1.1108627	1.0810089	1.1061088	1.0866523	1.1012359	1.0906401
