location	variant	median_ga	ga_upper_95	ga_lower_95	ga_upper_80	ga_lower_80	ga_upper_50	ga_lower_50
Costa Rica	Delta	0.8117463	1.0343351	0.6224836	0.9578645	0.69021726	0.8790592	0.74779725
Costa Rica	Omicron 21K	0.7992801	1.0067111	0.6653551	0.9240259	0.7073804	0.85813206	0.74746615
Costa Rica	Omicron 22A	0.82366276	0.9234188	0.72961247	0.88863176	0.76671547	0.8548452	0.79249483
Costa Rica	Omicron 22B	0.9302262	1.0433037	0.82315874	0.9975774	0.86133945	0.96490085	0.89616853
Costa Rica	Omicron 22C	0.65419865	0.8303125	0.5128133	0.7659454	0.5633489	0.70508856	0.60187477
Costa Rica	Omicron 22D	1.056227	1.2094977	0.90725815	1.1566582	0.95402175	1.107909	1.0006189
Costa Rica	Omicron 22E	1.2196783	1.4013827	1.0298861	1.352685	1.0995957	1.287569	1.15552
Costa Rica	Omicron 23A	1.1013312	1.3853536	0.8725194	1.2898182	0.94006824	1.2003124	1.0181386
Costa Rica	other	0.9868555	1.1181259	0.8706025	1.0725852	0.91189927	1.0283089	0.95098853
