location	variant	median_ga	ga_upper_95	ga_lower_95	ga_upper_80	ga_lower_80	ga_upper_50	ga_lower_50
Costa Rica	Delta	0.8173989	1.0275335	0.63759947	0.955435	0.6976326	0.89104825	0.7579386
Costa Rica	Omicron 21K	0.8597622	1.0717719	0.69757193	0.99333245	0.7548555	0.93380153	0.80093235
Costa Rica	Omicron 22A	0.84769416	0.9560169	0.75042	0.91949177	0.77983457	0.8845459	0.8089467
Costa Rica	Omicron 22B	0.9477718	1.0721116	0.840936	1.0209923	0.87531596	0.98418325	0.9076095
Costa Rica	Omicron 22C	0.7042864	0.8926245	0.5599674	0.8225327	0.61516446	0.76865286	0.6592132
Costa Rica	Omicron 22D	1.1451269	1.3232195	0.9971098	1.2589066	1.0423437	1.2070047	1.0898435
Costa Rica	Omicron 22E	1.3100041	1.5094676	1.1184967	1.4376833	1.1920428	1.3696351	1.2425125
Costa Rica	Omicron 23A	1.3931693	1.73581	1.1408111	1.6135339	1.2308815	1.502785	1.3047819
Costa Rica	other	1.1027083	1.244688	0.9856116	1.2005663	1.0169499	1.1518831	1.0578338
