location	variant	median_ga	ga_upper_95	ga_lower_95	ga_upper_80	ga_lower_80	ga_upper_50	ga_lower_50
Costa Rica	Delta	0.81461155	1.2512639	0.5424962	1.073106	0.6339964	0.95996004	0.69736356
Costa Rica	Omicron 21K	0.48078507	0.6605374	0.3604074	0.5674856	0.39487875	0.52373505	0.43001115
Costa Rica	Omicron 22A	1.5200638	1.5770016	1.4553609	1.5589168	1.475246	1.5417054	1.4982753
Costa Rica	Omicron 22B	1.7530686	1.8378934	1.6738536	1.8133984	1.7041304	1.7828189	1.7274135
Costa Rica	Omicron 22C	1.2805734	1.3249452	1.2388382	1.3090185	1.2522223	1.297702	1.2650704
Costa Rica	Omicron 22D	1.0343692	1.4518175	0.71695536	1.3004758	0.809575	1.164187	0.90875417
Costa Rica	other	1.0729809	1.1093388	1.0372751	1.0951973	1.051201	1.0849957	1.0617418
