location	variant	median_ga	ga_upper_95	ga_lower_95	ga_upper_80	ga_lower_80	ga_upper_50	ga_lower_50
Costa Rica	Delta	0.7036015	1.1243639	0.4524296	0.94664633	0.52811056	0.8230797	0.6001005
Costa Rica	Omicron 21K	1.8623402	2.9951277	1.2084259	2.497855	1.3922075	2.1752052	1.6022329
Costa Rica	other	0.6724496	1.1058536	0.44157383	0.90644616	0.50215715	0.791539	0.57320994
