location,variant,median_ga,ga_upper_95,ga_lower_95,ga_upper_80,ga_lower_80,ga_upper_50,ga_lower_50
United Kingdom,Delta,0.8406607,0.9724742,0.7301372,0.9272669,0.77014226,0.88541746,0.80699635
United Kingdom,Omicron 21K,0.72771364,0.73121685,0.7238611,0.73004884,0.7249954,0.7290934,0.7263199
United Kingdom,Omicron 22A,1.6264851,1.6560016,1.5978237,1.6447464,1.6074377,1.6369454,1.6170156
United Kingdom,Omicron 22B,1.7747632,1.8146082,1.7393149,1.7973766,1.7518528,1.787689,1.7625983
United Kingdom,Omicron 22C,1.576401,1.6004224,1.5530527,1.5930579,1.5599467,1.585316,1.5670943
United Kingdom,other,1.0291662,1.0360167,1.022024,1.0336311,1.0245893,1.0316937,1.02673
