location,variant,median_ga,ga_upper_95,ga_lower_95,ga_upper_80,ga_lower_80,ga_upper_50,ga_lower_50
United Kingdom,Delta,0.7831124,0.7919183,0.7748757,0.78840566,0.77765006,0.7857305,0.7800306
United Kingdom,Omicron 21K,2.5822315,2.599817,2.567115,2.5934005,2.5712416,2.5883942,2.5766993
United Kingdom,other,0.7990249,0.8152073,0.7820375,0.8095573,0.7882707,0.8043284,0.7930347
