location	variant	median_ga	ga_upper_95	ga_lower_95	ga_upper_80	ga_lower_80	ga_upper_50	ga_lower_50
United Kingdom	Delta	0.66426015	0.7090389	0.6259699	0.6929882	0.6405779	0.68098676	0.65118295
United Kingdom	Omicron 21K	0.68500006	0.6863769	0.6837038	0.6858	0.68409187	0.685418	0.6845139
United Kingdom	Omicron 22A	1.7785375	1.9539646	1.6419129	1.888512	1.689001	1.8379962	1.7306042
United Kingdom	Omicron 22B	2.0724542	2.3109007	1.8444433	2.2375238	1.931798	2.160534	1.990842
United Kingdom	Omicron 22C	1.8877959	2.0225194	1.7606874	1.9721408	1.8050143	1.9292438	1.8424982
United Kingdom	other	0.98784626	0.99405825	0.9820467	0.99220496	0.9840786	0.99000996	0.98544
