location	variant	median_ga	ga_upper_95	ga_lower_95	ga_upper_80	ga_lower_80	ga_upper_50	ga_lower_50
United Kingdom	Delta	0.5911958	0.5968183	0.5861472	0.5948724	0.58799785	0.59332085	0.5894322
United Kingdom	Omicron 21K	1.6640382	1.6733708	1.6531447	1.6707793	1.6567626	1.6676493	1.6605711
United Kingdom	other	0.7390356	0.7541502	0.72626925	0.74939424	0.73031026	0.7449379	0.73455995
