location	variant	median_ga	ga_upper_95	ga_lower_95	ga_upper_80	ga_lower_80	ga_upper_50	ga_lower_50
United Kingdom	Delta	0.6132917	0.8512641	0.44826978	0.76759875	0.4921484	0.69087553	0.54639846
United Kingdom	Omicron 21K	0.9849885	1.0450784	0.9244622	1.0233282	0.94561005	1.0061121	0.96504235
United Kingdom	Omicron 22A	0.9434031	0.9545526	0.9326521	0.95088154	0.93629116	0.9473021	0.93993783
United Kingdom	Omicron 22B	0.9715811	0.98222923	0.95939004	0.978965	0.96396923	0.9756285	0.9679764
United Kingdom	Omicron 22C	0.7853286	0.84438884	0.73580015	0.821387	0.750193	0.80273414	0.76703525
United Kingdom	Omicron 22D	1.1309714	1.1470543	1.1164618	1.1404421	1.1216381	1.1360574	1.1260817
United Kingdom	Omicron 22E	1.3000621	1.3166316	1.2822087	1.3101889	1.2885473	1.3054483	1.2943034
United Kingdom	other	1.2214761	1.252331	1.1884208	1.2417865	1.2004889	1.231993	1.2098029
