location,variant,median_ga,ga_upper_95,ga_lower_95,ga_upper_80,ga_lower_80,ga_upper_50,ga_lower_50
United Kingdom,Delta,0.6585865,0.69708955,0.61799455,0.68455845,0.6324095,0.67256117,0.64598817
United Kingdom,Omicron 21K,0.6842656,0.68549407,0.6829647,0.6850253,0.6833623,0.684667,0.6837567
United Kingdom,Omicron 22A,1.7890265,1.9530442,1.6150774,1.8892925,1.676444,1.8403308,1.7299731
United Kingdom,Omicron 22B,2.0810838,2.3390222,1.8379936,2.2445827,1.9239572,2.1700852,2.0001526
United Kingdom,Omicron 22C,1.8864325,2.018473,1.7683289,1.9711193,1.8089398,1.9276029,1.8469313
United Kingdom,other,0.99125254,0.9976194,0.98547995,0.9949982,0.9875991,0.9933244,0.9891701
