location,variant,median_ga,ga_upper_95,ga_lower_95,ga_upper_80,ga_lower_80,ga_upper_50,ga_lower_50
United Kingdom,Delta,1.0551983,1.200129,0.9379381,1.1549493,0.9690925,1.103801,1.0070077
United Kingdom,Omicron 21K,0.7791607,0.7876319,0.76995635,0.7849089,0.7731114,0.7820265,0.7760454
United Kingdom,Omicron 22A,1.6086124,1.6271117,1.5946381,1.6212202,1.5989105,1.6153812,1.6036221
United Kingdom,Omicron 22B,1.7618848,1.7785481,1.7433366,1.7736801,1.7499114,1.768076,1.7556986
United Kingdom,Omicron 22C,1.4702042,1.4819562,1.4583857,1.4782486,1.4632169,1.4739355,1.4663875
United Kingdom,other,1.034073,1.0435354,1.0237232,1.0400563,1.0272543,1.0370702,1.0305431
