location	variant	median_ga	ga_upper_95	ga_lower_95	ga_upper_80	ga_lower_80	ga_upper_50	ga_lower_50
United Kingdom	Omicron 21K	0.9609922	1.0387442	0.8807506	1.0145841	0.9132262	0.9887442	0.937115
United Kingdom	Omicron 22A	0.8915528	0.9036571	0.88009036	0.90047395	0.88335454	0.89632857	0.88701844
United Kingdom	Omicron 22B	0.9183883	0.930215	0.9074722	0.92616117	0.9104987	0.92292947	0.9140868
United Kingdom	Omicron 22C	0.7268045	0.8132589	0.6469668	0.78827125	0.6719458	0.759044	0.7003716
United Kingdom	Omicron 22D	1.0643163	1.0793587	1.0499569	1.0740292	1.0542902	1.0699565	1.0589451
United Kingdom	Omicron 22E	1.1815338	1.1963091	1.1670879	1.1913693	1.1720754	1.1867656	1.1766549
United Kingdom	other	1.2053822	1.2301416	1.180337	1.2218977	1.1892425	1.2138122	1.1964221
