location,variant,median_ga,ga_upper_95,ga_lower_95,ga_upper_80,ga_lower_80,ga_upper_50,ga_lower_50
United Kingdom,Delta,0.61975193,0.90729153,0.42861497,0.7903097,0.48864454,0.7005306,0.5504358
United Kingdom,Omicron 21K,0.9907651,1.0569897,0.9285177,1.0328757,0.949602,1.0138346,0.9679846
United Kingdom,Omicron 22A,0.9402633,0.95233,0.9288261,0.9483813,0.9331108,0.9442473,0.93685865
United Kingdom,Omicron 22B,0.97056556,0.98160315,0.958727,0.977669,0.96360266,0.97440284,0.9670945
United Kingdom,Omicron 22C,0.77610296,0.8315953,0.72500694,0.8134359,0.74217325,0.79489803,0.75712705
United Kingdom,Omicron 22D,1.1334062,1.1475309,1.1173832,1.1432047,1.1223098,1.1385047,1.1272746
United Kingdom,Omicron 22E,1.2994612,1.3170383,1.2826529,1.309696,1.2895222,1.305038,1.29326
United Kingdom,other,1.1945424,1.2255836,1.1659297,1.2139777,1.1753925,1.2067254,1.1845145
