location	variant	median_ga	ga_upper_95	ga_lower_95	ga_upper_80	ga_lower_80	ga_upper_50	ga_lower_50
South Africa	Delta	0.9618511	1.0488534	0.88957304	1.0206717	0.9098464	0.99270403	0.93723726
South Africa	Omicron 21K	0.76087546	0.7745575	0.74759436	0.769883	0.7509294	0.765363	0.7552602
South Africa	Omicron 22A	1.5567362	1.6286614	1.4704015	1.6062613	1.5058221	1.5787203	1.5307593
South Africa	Omicron 22B	1.6116352	1.7300361	1.4896284	1.695139	1.5276495	1.6543442	1.5640346
South Africa	Omicron 22C	0.5260697	0.8181738	0.3435008	0.69482315	0.38283685	0.6106378	0.44790083
South Africa	other	1.001256	1.0318711	0.96856916	1.0201018	0.9813161	1.0115937	0.99106145
