location	variant	median_ga	ga_upper_95	ga_lower_95	ga_upper_80	ga_lower_80	ga_upper_50	ga_lower_50
South Africa	Delta	1.1910775	1.3897425	1.0331426	1.3138154	1.0774393	1.2546716	1.1296971
South Africa	Omicron 21K	1.2454686	1.3451532	1.1372519	1.3148715	1.1693096	1.2820177	1.2051879
South Africa	Omicron 22A	1.086244	1.1439776	1.0301709	1.123308	1.04527	1.1050565	1.0645568
South Africa	Omicron 22B	1.2378677	1.3009336	1.1774423	1.279909	1.1928481	1.258558	1.2115331
South Africa	Omicron 22C	1.1041806	1.2586389	0.97238874	1.1965295	1.013515	1.1483979	1.0563034
South Africa	Omicron 22D	1.5905278	1.9429388	1.315566	1.8235188	1.3903239	1.6926491	1.4862666
South Africa	Omicron 22E	1.2409563	1.6915131	0.92807007	1.4870003	1.0258002	1.3654587	1.1234565
South Africa	other	1.2017767	1.2925997	1.1123897	1.2651768	1.1412632	1.2328045	1.16732
