location	variant	median_ga	ga_upper_95	ga_lower_95	ga_upper_80	ga_lower_80	ga_upper_50	ga_lower_50
South Africa	Delta	1.0020789	1.2172248	0.8239505	1.1326346	0.88170046	1.0700693	0.93510735
South Africa	Omicron 21K	1.0838884	1.2105136	0.9712007	1.1704676	1.0105352	1.1316309	1.0479444
South Africa	Omicron 22A	1.006914	1.079087	0.9374217	1.0533749	0.96169436	1.0311737	0.9851195
South Africa	Omicron 22B	1.1216333	1.1979204	1.0517473	1.1719823	1.0693144	1.1498487	1.098316
South Africa	Omicron 22C	1.0257719	1.2035608	0.9005624	1.1381903	0.9387181	1.0839381	0.97730035
South Africa	Omicron 22D	1.3267758	1.6148968	1.0794295	1.544214	1.1587359	1.4366016	1.2341027
South Africa	Omicron 22E	1.3851264	1.8241142	1.0528474	1.632391	1.1559517	1.514048	1.2563295
South Africa	other	1.1016252	1.2114482	0.9957169	1.1773524	1.0293193	1.1388952	1.0626174
