location	variant	median_ga	ga_upper_95	ga_lower_95	ga_upper_80	ga_lower_80	ga_upper_50	ga_lower_50
Vietnam	Delta	0.76129186	0.862285	0.6704062	0.82782537	0.6958206	0.7970103	0.7265234
Vietnam	Omicron 21K	0.93756086	1.3080437	0.6702461	1.1624306	0.7541818	1.0563533	0.82513934
Vietnam	Omicron 22A	0.9595281	1.126729	0.8419314	1.0751929	0.8715314	1.0126644	0.9142638
Vietnam	Omicron 22B	1.543179	1.6221194	1.4721977	1.59221	1.4936681	1.5703937	1.5169159
Vietnam	Omicron 22C	1.0632023	1.2956122	0.88738626	1.1998675	0.94833684	1.1352084	0.99680424
Vietnam	Omicron 22D	1.2717009	1.6735516	0.9463167	1.5382476	1.03989	1.4156522	1.1426042
Vietnam	Omicron 22E	1.3860031	1.8784738	1.0224022	1.701077	1.1487575	1.563582	1.2473578
Vietnam	other	1.0671809	1.1811814	0.9667594	1.1358304	0.99928224	1.0986867	1.0272615
