location	variant	median_ga	ga_upper_95	ga_lower_95	ga_upper_80	ga_lower_80	ga_upper_50	ga_lower_50
Vietnam	Delta	0.8126485	1.025368	0.65804833	0.946072	0.71090186	0.86900544	0.75677264
Vietnam	Omicron 21K	0.84489	1.035905	0.6764847	0.9792393	0.73222	0.91743654	0.7862607
Vietnam	Omicron 22A	0.7760134	0.9297267	0.65894306	0.8770281	0.6997191	0.8240956	0.7337778
Vietnam	Omicron 22B	0.8071538	0.8703883	0.7500903	0.84984213	0.76680094	0.8277113	0.78339577
Vietnam	Omicron 22C	0.70075524	0.85482717	0.5734696	0.7916087	0.6127605	0.7456972	0.6548988
Vietnam	Omicron 22D	1.3151429	1.419032	1.2206709	1.376158	1.2459862	1.3475844	1.2811134
Vietnam	Omicron 22E	1.2373562	1.4559836	1.0406361	1.3874199	1.1072317	1.308781	1.1657709
Vietnam	Omicron 23A	1.4140666	1.7243055	1.1600114	1.5969944	1.2349759	1.5070138	1.3072506
Vietnam	other	1.0989873	1.188425	0.9963424	1.1568543	1.0348308	1.1260265	1.0687388
