location	variant	median_ga	ga_upper_95	ga_lower_95	ga_upper_80	ga_lower_80	ga_upper_50	ga_lower_50
Vietnam	Delta	0.9750606	1.2725997	0.77215135	1.1439215	0.8244423	1.062235	0.89123726
Vietnam	Omicron 21K	0.96585524	1.2037914	0.7720449	1.1350769	0.8392624	1.0506395	0.88981193
Vietnam	Omicron 22A	0.94797546	1.0778962	0.8420646	1.0235678	0.8741817	0.991914	0.90266216
Vietnam	Omicron 22B	0.87282073	0.9228275	0.82320094	0.9028929	0.8441375	0.8890796	0.8590805
Vietnam	Omicron 22C	0.72515345	0.9124665	0.5830959	0.83783257	0.6287785	0.78716743	0.674536
Vietnam	Omicron 22D	1.5455174	1.7123878	1.3780401	1.6415658	1.4249761	1.593587	1.4782714
Vietnam	Omicron 22E	1.3110187	1.5966264	1.1157671	1.4903381	1.1664022	1.4023888	1.2379918
Vietnam	Omicron 23A	1.0305179	1.3043396	0.8103764	1.2161607	0.87637645	1.1198112	0.9401262
Vietnam	other	1.1560569	1.2604425	1.0570102	1.2210076	1.090576	1.1865859	1.1238277
