location	variant	median_ga	ga_upper_95	ga_lower_95	ga_upper_80	ga_lower_80	ga_upper_50	ga_lower_50
Vietnam	Delta	0.7054439	0.8666856	0.57450956	0.8172635	0.6109593	0.75703627	0.65663576
Vietnam	Omicron 21K	0.6813599	0.8219974	0.56709075	0.775331	0.6048229	0.72965926	0.64251685
Vietnam	Omicron 22A	1.403449	2.3363404	0.8516915	1.9465866	1.0142183	1.6841121	1.1740088
Vietnam	Omicron 22B	1.4876647	2.4999661	0.94057333	2.0557911	1.106606	1.7471998	1.2796271
Vietnam	Omicron 22C	0.8196868	1.4347577	0.46903706	1.2272339	0.56770575	0.99991703	0.6790037
Vietnam	other	1.0179822	1.3834534	0.7676172	1.2455181	0.837977	1.1235173	0.9119071
