location	variant	median_ga	ga_upper_95	ga_lower_95	ga_upper_80	ga_lower_80	ga_upper_50	ga_lower_50
Vietnam	Delta	1.0500953	1.1253757	0.9745349	1.0973854	1.0066223	1.0781476	1.024013
Vietnam	Omicron 21K	0.76574457	0.94548225	0.63010585	0.8774749	0.672579	0.82250106	0.71598005
Vietnam	Omicron 22A	1.2009239	1.3842037	1.0465991	1.313708	1.0872829	1.2584795	1.1447834
Vietnam	Omicron 22B	1.4448252	1.5359142	1.3633562	1.5081289	1.3917484	1.4764948	1.416768
Vietnam	Omicron 22C	1.177777	1.3622539	1.0286112	1.2905155	1.0776792	1.2325099	1.1226583
Vietnam	Omicron 22D	1.4896233	1.8243788	1.1662054	1.6953636	1.2774498	1.5967791	1.3806398
Vietnam	Omicron 22E	1.043221	1.374842	0.79986554	1.2276055	0.8748506	1.1413121	0.9516796
Vietnam	other	0.9846227	1.0901175	0.8941858	1.0550948	0.92624336	1.0182804	0.95135677
