location	variant	median_ga	ga_upper_95	ga_lower_95	ga_upper_80	ga_lower_80	ga_upper_50	ga_lower_50
Vietnam	Delta	1.1587982	1.9355912	0.6752829	1.6350611	0.80748504	1.4011831	0.9529277
Vietnam	Omicron 21K	1.8691105	3.339571	1.0584152	2.7726927	1.2837187	2.3246958	1.5402675
Vietnam	other	0.87371796	1.4319706	0.53880775	1.1914876	0.6349581	1.0335519	0.7504318
