location	variant	median_ga	ga_upper_95	ga_lower_95	ga_upper_80	ga_lower_80	ga_upper_50	ga_lower_50
Vietnam	Delta	0.57348156	0.65322745	0.5083082	0.6259803	0.5289617	0.6008238	0.54944146
Vietnam	Omicron 21K	0.69840384	0.7607271	0.6282079	0.7419731	0.6498874	0.719808	0.66886157
Vietnam	Omicron 22A	0.8189043	1.3089079	0.4992478	1.1099361	0.59299076	0.9606606	0.68218327
Vietnam	Omicron 22B	0.7934677	1.3524551	0.4662569	1.1337339	0.5643423	0.94409484	0.6616528
Vietnam	Omicron 22C	0.759906	1.2345386	0.46231538	1.053116	0.5349399	0.8892276	0.6397362
Vietnam	other	0.7210376	0.9334678	0.5583762	0.84721726	0.6142898	0.78223366	0.66526926
