location,variant,median_ga,ga_upper_95,ga_lower_95,ga_upper_80,ga_lower_80,ga_upper_50,ga_lower_50
USA,Delta,1.1485544,1.2679747,1.0319452,1.2227566,1.0715137,1.1881504,1.1084355
USA,Omicron 21K,0.9626638,0.9866594,0.9409225,0.97706735,0.94739205,0.97086066,0.9546561
USA,Omicron 22A,1.4647675,1.4694631,1.4605024,1.467651,1.4621813,1.4663731,1.4635406
USA,Omicron 22B,1.6223059,1.6263163,1.6180947,1.6247793,1.6194874,1.6235101,1.6208483
USA,Omicron 22C,1.1334047,1.1353681,1.1312593,1.1346987,1.1319697,1.13421,1.1326102
USA,Omicron 22D,1.9967276,2.1031702,1.9003885,2.0682926,1.9299855,2.0314555,1.963762
USA,Omicron 22E,2.802042,4.1131663,1.9954035,3.601049,2.2679694,3.1865425,2.5171478
USA,other,1.1123579,1.124917,1.1002431,1.1198527,1.1047283,1.1161728,1.1083252
