location,variant,median_ga,ga_upper_95,ga_lower_95,ga_upper_80,ga_lower_80,ga_upper_50,ga_lower_50
USA,Delta,1.0983418,1.1994591,1.0034885,1.1637911,1.0322928,1.1354336,1.0629746
USA,Omicron 21K,0.79496014,0.808495,0.78119934,0.80367744,0.7856683,0.798972,0.7903669
USA,Omicron 22A,1.5063474,1.5114427,1.5016373,1.5097816,1.5031146,1.5080504,1.5046827
USA,Omicron 22B,1.6872979,1.6921155,1.6827631,1.6905079,1.684299,1.6886902,1.6856891
USA,Omicron 22C,1.1668959,1.1689327,1.1649475,1.1681913,1.1655934,1.1675646,1.1662621
USA,Omicron 22D,1.9943638,2.218197,1.8102077,2.1396003,1.8586783,2.0717642,1.9218137
USA,other,1.1024216,1.1119645,1.0922503,1.1087811,1.0958824,1.1056619,1.0990508
