location	variant	median_ga	ga_upper_95	ga_lower_95	ga_upper_80	ga_lower_80	ga_upper_50	ga_lower_50
USA	Delta	0.3202331	0.32188663	0.31863064	0.3212794	0.31923044	0.32078248	0.3197077
USA	Omicron 21K	0.7379482	0.7414413	0.7344608	0.7402941	0.7357383	0.7391496	0.73675823
USA	other	0.3632446	0.3656724	0.36105806	0.3648571	0.36175722	0.36398777	0.3623892
