location	variant	median_ga	ga_upper_95	ga_lower_95	ga_upper_80	ga_lower_80	ga_upper_50	ga_lower_50
United Kingdom	Delta	1.2391024	1.4592037	1.0577031	1.3884503	1.1164275	1.3094077	1.1774664
United Kingdom	Omicron 21K	0.9631316	0.99455595	0.93541634	0.9845418	0.94443643	0.9752988	0.9536626
United Kingdom	Omicron 22A	1.5799841	1.5887299	1.5732427	1.5854303	1.5753655	1.5828272	1.5773194
United Kingdom	Omicron 22B	1.7527719	1.7608125	1.744809	1.7579107	1.7476203	1.7553515	1.7501284
United Kingdom	Omicron 22C	1.348819	1.3564388	1.3411448	1.353971	1.3439277	1.3517394	1.3463943
United Kingdom	Omicron 22D	1.8718411	2.0700161	1.7161953	1.9842225	1.7590531	1.9258423	1.8118438
United Kingdom	other	1.1001525	1.1090294	1.0931761	1.1054829	1.0956757	1.1030986	1.0977883
