location	variant	median_ga	ga_upper_95	ga_lower_95	ga_upper_80	ga_lower_80	ga_upper_50	ga_lower_50
United Kingdom	Delta	1.4480743	1.669343	1.2337503	1.5879011	1.2978959	1.52107	1.3706927
United Kingdom	Omicron 21K	1.3186344	1.4133196	1.239665	1.3778113	1.2631041	1.3472337	1.2889634
United Kingdom	Omicron 22A	1.4736435	1.4839344	1.4642279	1.4804488	1.4673833	1.4773513	1.4700773
United Kingdom	Omicron 22B	1.6227603	1.6330483	1.6119084	1.6301608	1.6157855	1.6268961	1.618947
United Kingdom	Omicron 22C	1.1776557	1.1893331	1.1667581	1.1847714	1.1701963	1.1814377	1.173293
United Kingdom	Omicron 22D	1.9710171	2.0627937	1.8913717	2.0264	1.9160368	2.000949	1.9421228
United Kingdom	Omicron 22E	1.6379976	2.051024	1.3423951	1.8693029	1.4071194	1.7552242	1.5089436
United Kingdom	other	1.3304679	1.3461258	1.3149946	1.3405079	1.32034	1.3359029	1.3244252
