location	variant	median_ga	ga_upper_95	ga_lower_95	ga_upper_80	ga_lower_80	ga_upper_50	ga_lower_50
United Kingdom	Delta	0.9352055	1.1644949	0.7369877	1.0967906	0.80743045	1.0153126	0.87368983
United Kingdom	Omicron 21K	0.945163	1.0267196	0.86983895	0.9963844	0.90142894	0.9711828	0.92365813
United Kingdom	Omicron 22A	0.8854184	0.9120681	0.8634338	0.90233964	0.87002254	0.893413	0.8772787
United Kingdom	Omicron 22B	0.912016	0.9379169	0.88946664	0.92850983	0.8967247	0.9199905	0.903767
United Kingdom	Omicron 22C	0.7273183	0.8189103	0.6470408	0.7868506	0.6712048	0.7549694	0.6953653
United Kingdom	Omicron 22D	1.0784085	1.1083848	1.0505688	1.098505	1.0594453	1.0880651	1.068852
United Kingdom	Omicron 22E	1.1955376	1.2296271	1.16429	1.2185102	1.1744214	1.2064588	1.1844382
United Kingdom	Omicron 23A	1.2862064	1.537255	1.0681669	1.4559278	1.1458265	1.3591985	1.2149206
United Kingdom	other	1.1725682	1.2066088	1.1404009	1.1956204	1.1501889	1.1836824	1.1610854
