location	variant	median_ga	ga_upper_95	ga_lower_95	ga_upper_80	ga_lower_80	ga_upper_50	ga_lower_50
South Africa	Delta	0.6070408	0.9969332	0.3709761	0.841663	0.4478569	0.72217816	0.52110416
South Africa	Omicron 21K	1.0122654	1.1205509	0.9221276	1.0802598	0.9525498	1.0507562	0.97851133
South Africa	Omicron 22A	1.0181513	1.0967202	0.94149846	1.0718234	0.96777934	1.0504332	0.9921624
South Africa	Omicron 22B	1.0610266	1.1468235	0.98215353	1.1163328	1.0127419	1.0931679	1.0349153
South Africa	Omicron 22C	0.37871152	0.5980653	0.23811468	0.5293934	0.28737205	0.44658285	0.32416454
South Africa	Omicron 22D	1.0940801	1.2876582	0.9275462	1.2099737	0.9879828	1.1531783	1.0343775
South Africa	Omicron 22E	1.3220246	1.5307546	1.1102474	1.4639031	1.1789056	1.3882526	1.2471714
South Africa	other	1.1248243	1.2453082	1.0095404	1.2061532	1.0472761	1.1702244	1.086298
