location	variant	median_ga	ga_upper_95	ga_lower_95	ga_upper_80	ga_lower_80	ga_upper_50	ga_lower_50
South Africa	Delta	0.8469287	1.2070601	0.60601723	1.0705892	0.683993	0.95488626	0.7546516
South Africa	Omicron 21K	1.3114845	1.4720347	1.1680245	1.4207066	1.2099463	1.3696245	1.2531124
South Africa	Omicron 22A	1.1557052	1.2856736	1.0392	1.2377566	1.0847514	1.2031536	1.1138513
South Africa	Omicron 22B	1.2687186	1.4106665	1.1462996	1.3576012	1.1895112	1.3148353	1.2251793
South Africa	Omicron 22C	0.85799146	1.135294	0.6399436	1.0125281	0.6911433	0.9441422	0.76576155
South Africa	Omicron 22D	1.4202777	1.7578626	1.1126125	1.6343172	1.2183032	1.5406761	1.3122699
South Africa	other	1.1677191	1.3561109	1.0215852	1.2699393	1.0660048	1.2318567	1.111494
