location,variant,median_ga,ga_upper_95,ga_lower_95,ga_upper_80,ga_lower_80,ga_upper_50,ga_lower_50
South Africa,Delta,0.51917243,0.8920121,0.3145413,0.7415672,0.38417977,0.6268666,0.44561198
South Africa,Omicron 21K,1.0372682,1.1493874,0.93203425,1.1081234,0.96823585,1.0735767,1.0002844
South Africa,Omicron 22A,1.008812,1.0896485,0.92778456,1.0678369,0.9542905,1.0361481,0.9840795
South Africa,Omicron 22B,1.073471,1.1678174,0.9903344,1.1320902,1.0175266,1.1014004,1.0455501
South Africa,Omicron 22C,0.45374042,0.76952446,0.27827364,0.6264091,0.32211173,0.5452966,0.37451786
South Africa,Omicron 22D,1.141659,1.3507458,0.9898237,1.2594361,1.0338902,1.1991631,1.084789
South Africa,Omicron 22E,1.3151007,1.563041,1.105917,1.4752947,1.1761974,1.3918037,1.2356331
South Africa,other,1.1389117,1.2694731,1.0234538,1.2208669,1.0598673,1.1827015,1.0993412
