location,variant,median_ga,ga_upper_95,ga_lower_95,ga_upper_80,ga_lower_80,ga_upper_50,ga_lower_50
South Africa,Delta,0.9181043,1.0159298,0.8306683,0.9772468,0.8628371,0.9508177,0.88774204
South Africa,Omicron 21K,0.72430414,0.7382855,0.7129036,0.7338531,0.7167641,0.7287894,0.7202264
South Africa,Omicron 22A,1.1159854,1.233547,1.0032274,1.1947687,1.0415281,1.1588519,1.0740764
South Africa,Omicron 22B,1.4535542,1.7008996,1.2550304,1.6063907,1.314926,1.5309303,1.3776076
South Africa,other,0.92597544,0.9640583,0.88920474,0.951763,0.9009599,0.93894327,0.9134412
