location	variant	median_ga	ga_upper_95	ga_lower_95	ga_upper_80	ga_lower_80	ga_upper_50	ga_lower_50
South Africa	Delta	0.76477146	0.8357529	0.6911818	0.81056195	0.71953416	0.786217	0.74284077
South Africa	Omicron 21K	0.6917275	0.70353776	0.67920595	0.69968045	0.6838618	0.6959656	0.6875162
South Africa	Omicron 22A	1.0032382	1.2372043	0.79470456	1.143136	0.8579687	1.0762386	0.9269589
South Africa	Omicron 22B	0.9884989	1.2554302	0.76421666	1.1770606	0.8362605	1.0828215	0.90989375
South Africa	other	0.7502549	0.79112846	0.71631515	0.7748107	0.7276876	0.76248294	0.7383626
