location,variant,median_ga,ga_upper_95,ga_lower_95,ga_upper_80,ga_lower_80,ga_upper_50,ga_lower_50
South Africa,Delta,0.76377344,0.8373972,0.7025479,0.81085217,0.7203005,0.7886264,0.74160063
South Africa,Omicron 21K,0.6933389,0.70631194,0.68127,0.7026282,0.6853669,0.6980145,0.6892995
South Africa,Omicron 22A,1.0090117,1.2583182,0.80409694,1.1705217,0.86663115,1.0854313,0.9281738
South Africa,Omicron 22B,0.9648007,1.2603021,0.7490499,1.1931914,0.8121835,1.0617341,0.8793721
South Africa,other,0.75333184,0.79150385,0.72020495,0.7775353,0.72928756,0.76625854,0.74028176
