location	variant	median_ga	ga_upper_95	ga_lower_95	ga_upper_80	ga_lower_80	ga_upper_50	ga_lower_50
South Africa	Delta	1.0362939	1.1167424	0.96224356	1.0859162	0.9884356	1.0594933	1.0150986
South Africa	Omicron 21K	0.90475523	0.9307594	0.8792438	0.92258555	0.8881233	0.9133107	0.89605397
South Africa	Omicron 22A	1.4209101	1.4566355	1.3895776	1.4436975	1.3976371	1.4327735	1.4090734
South Africa	Omicron 22B	1.5079396	1.5694991	1.457578	1.5498432	1.4737899	1.5280886	1.4904728
South Africa	other	0.96877086	1.0188379	0.9259705	1.0032228	0.93838435	0.9886507	0.95200074
