location	variant	median_ga	ga_upper_95	ga_lower_95	ga_upper_80	ga_lower_80	ga_upper_50	ga_lower_50
Egypt	Delta	1.0206287	1.277483	0.80423415	1.2011945	0.8709921	1.1106839	0.92958844
Egypt	Omicron 21K	1.0457473	1.2900207	0.83026075	1.2033682	0.8975009	1.1198678	0.9629641
Egypt	Omicron 22A	1.0351809	1.2516196	0.85096943	1.1761783	0.9106126	1.1064093	0.96962595
Egypt	Omicron 22B	0.9222388	1.090941	0.7770977	1.030841	0.82283556	0.9772595	0.86947584
Egypt	Omicron 22C	0.7913116	0.97357845	0.6404096	0.9131661	0.6962807	0.8591947	0.7401991
Egypt	Omicron 22D	1.2256985	1.4501256	1.011457	1.3857079	1.0878172	1.3085444	1.1542935
Egypt	Omicron 22E	1.6860042	2.0866795	1.4132782	1.925559	1.4898386	1.8114204	1.5843818
Egypt	other	1.1284385	1.2922809	0.9856762	1.2400843	1.0346205	1.1831865	1.074622
