location	variant	median_ga	ga_upper_95	ga_lower_95	ga_upper_80	ga_lower_80	ga_upper_50	ga_lower_50
Egypt	Delta	0.9635581	1.7454596	0.6030034	1.417935	0.70265436	1.184968	0.8006472
Egypt	Omicron 21K	2.1900425	4.0355215	1.2197471	3.2834268	1.4862473	2.7656286	1.7677646
Egypt	other	0.89273703	1.4689041	0.5627463	1.2572824	0.6686336	1.050879	0.7597229
