location	variant	median_ga	ga_upper_95	ga_lower_95	ga_upper_80	ga_lower_80	ga_upper_50	ga_lower_50
Egypt	Delta	0.9238869	1.223314	0.7059014	1.1094503	0.7728528	1.0117692	0.84817696
Egypt	Omicron 21K	0.8065461	1.0499989	0.63644826	0.9440719	0.6856658	0.86513495	0.7431985
Egypt	Omicron 22A	0.9725778	1.2368636	0.7436452	1.1485395	0.82634145	1.0503517	0.8885845
Egypt	Omicron 22B	1.0173062	1.2807627	0.8258005	1.1755587	0.8961314	1.1043799	0.95224285
Egypt	Omicron 22C	0.7376484	0.9735254	0.56616324	0.87539244	0.618568	0.8113867	0.6766817
Egypt	Omicron 22D	1.0999098	1.4321387	0.86504817	1.2945614	0.92827713	1.2065704	1.0145146
Egypt	Omicron 22E	1.2234197	1.6030908	0.966215	1.4514178	1.0463288	1.3265467	1.1184709
Egypt	Omicron 23A	1.2693729	1.7285159	0.953864	1.5868905	1.0735434	1.4136622	1.1553952
Egypt	other	1.132921	1.3744044	0.9691347	1.2865033	1.0190455	1.2120837	1.0722232
