location	variant	median_ga	ga_upper_95	ga_lower_95	ga_upper_80	ga_lower_80	ga_upper_50	ga_lower_50
Egypt	Delta	1.1317687	2.223152	0.62099415	1.7071494	0.7886216	1.4087913	0.9350733
Egypt	Omicron 21K	0.8589468	1.7494216	0.47407877	1.2987965	0.5751351	1.0619006	0.6992898
Egypt	Omicron 22A	0.34556544	0.92835456	0.12251471	0.64683133	0.1751795	0.4814136	0.23310578
Egypt	Omicron 22B	0.3179509	0.9032043	0.104183674	0.64357173	0.15394905	0.4588068	0.21945024
Egypt	Omicron 22C	0.5779655	1.4444548	0.21865538	1.0808487	0.32220182	0.76091045	0.42118618
Egypt	other	0.8441066	1.6177778	0.43485096	1.2717824	0.5628694	1.0316632	0.682118
