location	variant	median_ga	ga_upper_95	ga_lower_95	ga_upper_80	ga_lower_80	ga_upper_50	ga_lower_50
Egypt	Delta	0.6889557	0.96946645	0.44347012	0.8733866	0.5069039	0.7861388	0.5898003
Egypt	Omicron 21K	0.7195893	1.073552	0.47513723	0.9467702	0.55485797	0.84109104	0.623001
Egypt	Omicron 22A	0.84561354	1.1806989	0.6182501	1.0481743	0.6921754	0.9443303	0.7598908
Egypt	Omicron 22B	0.6803448	0.8162768	0.5574863	0.76882344	0.5979777	0.72578806	0.6345713
Egypt	Omicron 22C	0.8164215	1.1403209	0.5682703	1.0136664	0.6467143	0.8990055	0.7149967
Egypt	Omicron 22D	0.9972246	1.4521294	0.6790359	1.2860991	0.79886764	1.1372513	0.8897305
Egypt	Omicron 22E	1.0910386	1.5510736	0.7341208	1.3873714	0.83885384	1.2363075	0.9507859
Egypt	other	0.84584063	1.0419478	0.6936989	0.97087073	0.73738873	0.90426344	0.78572595
