location	variant	median_ga	ga_upper_95	ga_lower_95	ga_upper_80	ga_lower_80	ga_upper_50	ga_lower_50
USA	Delta	1.2798632	1.4284209	1.1473534	1.374306	1.1977948	1.331535	1.2324343
USA	Omicron 21K	1.2200146	1.2618634	1.1871595	1.2452624	1.1962798	1.2344477	1.207885
USA	Omicron 22A	1.30638	1.3121238	1.2995713	1.3098917	1.3019623	1.3083956	1.30424
USA	Omicron 22B	1.3602171	1.365766	1.353508	1.3640904	1.3562028	1.362125	1.3581771
USA	Omicron 22C	0.97148275	0.9766911	0.9664011	0.9745769	0.96805596	0.9729888	0.9697498
USA	Omicron 22D	1.6423523	1.664098	1.6196114	1.6561964	1.6282916	1.649153	1.6353333
USA	Omicron 22E	2.1895885	2.287755	2.0855684	2.257326	2.126374	2.228024	2.1563153
USA	other	1.3438203	1.361522	1.3245364	1.3554449	1.3316631	1.3505862	1.3376203
