location	variant	median_ga	ga_upper_95	ga_lower_95	ga_upper_80	ga_lower_80	ga_upper_50	ga_lower_50
USA	Delta	0.29639158	0.2983306	0.29456705	0.29771516	0.29519197	0.2971055	0.295772
USA	Omicron 21K	0.67746675	0.6806545	0.67423356	0.67941606	0.6751889	0.67843455	0.6761049
USA	Omicron 22C	1.0589582	1.2743847	0.8846747	1.1935515	0.94291115	1.1321054	0.9918126
USA	other	0.56511843	0.5725908	0.5578035	0.5698662	0.5601293	0.567623	0.56261253
