location	variant	median_ga	ga_upper_95	ga_lower_95	ga_upper_80	ga_lower_80	ga_upper_50	ga_lower_50
USA	Delta	0.52484655	0.53476256	0.51503205	0.53087366	0.5186995	0.5280527	0.52131784
USA	Omicron 21K	0.6502979	0.6519631	0.64876276	0.6513511	0.6492643	0.6508739	0.6497496
USA	Omicron 22A	1.2277558	1.4340699	1.0399895	1.3520281	1.109573	1.2931893	1.1634712
USA	Omicron 22B	1.0370712	1.2024105	0.90835977	1.1419209	0.94749177	1.0927889	0.98487985
USA	Omicron 22C	1.3907702	1.4037766	1.3779247	1.3991246	1.3834164	1.3952763	1.3864615
USA	other	0.83886266	0.8492718	0.8283971	0.84535	0.83211374	0.8424696	0.835361
