location,variant,median_ga,ga_upper_95,ga_lower_95,ga_upper_80,ga_lower_80,ga_upper_50,ga_lower_50
USA,Delta,1.295666,1.4661078,1.1612761,1.4014902,1.2001383,1.3517661,1.2437108
USA,Omicron 21K,1.1809211,1.223254,1.1438792,1.2073936,1.1563593,1.1951936,1.1671901
USA,Omicron 22A,1.2054518,1.2123156,1.199173,1.2098595,1.2010027,1.2074953,1.2032999
USA,Omicron 22B,1.2259855,1.2330382,1.219967,1.2305312,1.221747,1.228237,1.2236469
USA,Omicron 22C,0.8921932,0.8996715,0.8857019,0.89693934,0.88783383,0.8945455,0.8900398
USA,Omicron 22D,1.4663708,1.4816867,1.4490333,1.4768703,1.4563731,1.4715275,1.4606318
USA,Omicron 22E,1.9924955,2.040842,1.9405556,2.0259833,1.9589001,2.0089588,1.9759111
USA,other,1.2568371,1.2766285,1.2389393,1.2692287,1.2449857,1.2637182,1.2504878
